study_id,paper_id,citation_short,year,on_website,eligibility_flagged,eligibility_flag_reason,human_decision,human_rationale,reviewer,date_checked,status
a00410a50b2a7157b_s1,a00410a50b2a7157b,Bradley et al. (2020),2020,YES,NO,,,,,,pending
a00e7bc280f881edb_s1,a00e7bc280f881edb,Zhang et al. (2025),2025,YES,NO,,,,,,pending
a00e7bc280f881edb_s2,a00e7bc280f881edb,Zhang et al. (2025),2025,YES,NO,,,,,,pending
a019a3130cd2a8cbe_s1,a019a3130cd2a8cbe,Gregorova et al. (2024),2024,YES,NO,,,,,,pending
a0241e9efa127ca2c_s1,a0241e9efa127ca2c,Peng et al. (2024),2024,YES,NO,,,,,,pending
a0250aede7dd564c5_s1,a0250aede7dd564c5,Ciranka (2021),2021,YES,YES,"Borderline: learning-vs-decision-making. Models are expected utility models for single decisions, not learning models. No trial-by-trial updating or learning over time. Social information influences single choices rather than being integrated into a learning process. Also, this is a reanalysis of previously published data.",,,,,pending
a0250aede7dd564c5_s2,a0250aede7dd564c5,Ciranka (2021),2021,YES,YES,"Borderline: learning-vs-decision-making. The Bayesian updating model treats social influence as belief updating (a form of learning), but there is no trial-by-trial learning across the experiment -- each trial is an independent decision with social information incorporated via Bayesian updating within that trial. The ""learning"" is about how social information changes beliefs within a single decision, not about learning from outcomes over time.",,,,,pending
a026a5057e5c402fa_s1,a026a5057e5c402fa,Devaine & Daunizeau (2017),2017,YES,YES,"The ""social agent"" is an automated/artificial system (calibrated artificial agents impersonating humans). Flag: artificial_social_agent. Paper remains eligible -- participants believed agent was human.",,,,,pending
a0285b6780492e31c_s1,a0285b6780492e31c,Spiers et al. (2017),2017,YES,NO,,,,,,pending
a02c7c89a2ee718ad_s1,a02c7c89a2ee718ad,Harada (2023),2023,YES,YES,"FLAGGED — Borderline eligibility. The computational model (Q-learning) is fit to a bandit task, and parameters are then correlated with creativity scores from a separate task (AUT). The learning in the bandit task is non-social for individuals; for dyads/triads, the ""social"" element is collective decision-making on bandit choices, but the paper does not model social learning processes (e.g., learning about or from others). The study focus is creativity/divergent thinking, not social learning per se. The computational model does not incorporate any social learning mechanism. This is better characterized as a study of individual reinforcement learning parameters applied to group decision-making, with creativity as the outcome variable.",,,,,pending
a045db0b5ed502025_s1,a045db0b5ed502025,Suthaharan & Corlett (2023),2023,YES,YES,"The paper uses computational modeling (HGF) and human behavioral data, and learning occurs over time in the reversal learning task. However, the social component is primarily correlational (social network survey data correlated with model parameters). The learning task itself is NOT inherently social — the authors explicitly show no difference between social and non-social framings. The computational model is fit to a non-social probabilistic learning task; the ""social"" element is in the correlational analyses linking model parameters to conspiracy beliefs and social network features. FLAG: Borderline — computational learning occurs in a non-social task; social context is in correlational/survey analyses only, not in the learning process itself.",,,,,pending
a0478e24d2be31cbd_s1,a0478e24d2be31cbd,Carvalheiro et al. (2021),2021,YES,YES,"The task is non-social. Learning does not occur in a social context. The stressor is an auditory alarm, not a social stressor. Flag: ""Non-social learning task; no social context for learning. Stress manipulation is non-social (auditory alarm). Does not meet inclusion criterion for social context.",,,,,pending
a04b0629986060d45_s1,a04b0629986060d45,Son et al. (2021),2021,YES,YES,"Study 1 does not include computational modeling (only representational similarity analysis with linear regression). The computational modeling occurs in Studies 2 and 3. Flag: ""Study 1 lacks formal computational model; RSA only.",,,,,pending
a04b0629986060d45_s2,a04b0629986060d45,Son et al. (2021),2021,YES,NO,,,,,,pending
a04b0629986060d45_s3,a04b0629986060d45,Son et al. (2021),2021,YES,YES,"Studies 2 and 3: null (fully eligible). Study 1: ""No computational model fitted; RSA/linear regression analysis only. Part of a multi-study paper where Studies 2-3 include computational modeling.",,,,,pending
a057516ab87b79a81_s1,a057516ab87b79a81,Ciranka & Bos (2024),2024,YES,NO,,,,,,pending
a058c75e2ab740b1d_s1,a058c75e2ab740b1d,Kleberg et al. (2023),2023,YES,NO,,,,,,pending
a064d64d158284c23_s1,a064d64d158284c23,Martins et al. (2022),2022,YES,NO,,,,,,pending
a066703107fbc2fe0_s1,a066703107fbc2fe0,McElreath et al. (2005),2005,YES,NO,,,,,,pending
a089a484bca4fd63e_s1,a089a484bca4fd63e,Zonca et al. (2021),2021,YES,YES,"Possible flag — the Cognitive Hierarchy model is used descriptively to characterize strategic levels rather than as a computational model of learning per se. The logistic regression models test for learning effects but are statistical models, not process models of learning. No formal computational model of the learning mechanism (e.g., reinforcement learning, Bayesian updating) is fitted. The paper describes observational learning but does not implement a computational model of the learning process itself. FLAG: borderline — uses computational models to characterize strategic sophistication and measure learning effects, but does not model the learning mechanism computationally. `eligibility_flag: ""Borderline — CH model characterizes strategic levels descriptively; logistic regressions test learning effects statistically; no computational process model of the learning mechanism itself (e.g., no RL model, no Bayesian updating model fitted to trial-by-trial learning)""`",,,,,pending
a092feb2d1b67b42c_s1,a092feb2d1b67b42c,Wu et al. (2025),2025,YES,NO,,,,,,pending
a095f158fe440440f_s1,a095f158fe440440f,Shaw et al. (2018),2018,YES,YES,"FLAG — borderline learning-vs-decision-making. The reciprocity model is a utility/expected utility model rather than a trial-by-trial learning model (no explicit learning rate or value update rule). The Proposer's memory parameter tracks prior Responder behaviour, providing an adaptive element, but this is closer to statistical estimation of opponent behaviour than standard computational learning. The RL model was tested but lost. Include but flag.",,,,,pending
a0982d65a745c9665_s1,a0982d65a745c9665,Hula et al. (2015),2015,YES,NO,,,,,,pending
a098ba4b86e8ffd67_s1,a098ba4b86e8ffd67,Luo et al. (2025),2025,YES,NO,,,,,,pending
a0a10385d71888bda_s1,a0a10385d71888bda,Decker et al. (2015),2015,YES,YES,"The instruction source is explicitly non-social (on-screen text, ""not directly associated with the experimenter, or with any specific individual""). The learning is about probabilistic reward values of abstract stimuli, not about a social target. This paper examines how instruction (a potential social learning channel) influences experiential learning, but the instruction itself is not social in this implementation. FLAG: borderline social context — instruction is a non-social proxy for advice/social learning; no actual social agent or social target.",,,,,pending
a0a3915bf66efa3e5_s1,a0a3915bf66efa3e5,Buritica et al. (2019),2019,YES,NO,,,,,,pending
a0af831aedaa9655c_s1,a0af831aedaa9655c,Rosler et al. (2025),2025,YES,NO,,,,,,pending
a0af831aedaa9655c_s2,a0af831aedaa9655c,Rosler et al. (2025),2025,YES,NO,,,,,,pending
a0b4fbf3f43250a3e_s1,a0b4fbf3f43250a3e,Jangard (2025),2025,YES,YES,"Borderline -- this is a value/preference evaluation task with computational modeling, but learning does not occur over time in the traditional sense (no trial-by-trial updating). The models are static preference models, not learning models. Flag: ""Borderline learning-vs-decision-making; static preference evaluation rather than learning over time.",,,,,pending
a0b81277f606fe157_s1,a0b81277f606fe157,Fineberg et al. (2018),2018,YES,NO,,,,,,pending
a0b98d98d2ba787b1_s1,a0b98d98d2ba787b1,Hula et al. (2021),2021,YES,NO,,,,,,pending
a0c0a3b5b57e95b71_s1,a0c0a3b5b57e95b71,Driessen et al. (2025),2025,YES,NO,,,,,,pending
a0c30267245895723_s1,a0c30267245895723,Ham et al. (2025),2025,YES,YES,"Borderline -- the ""learning"" is single-trial inference from one example rather than learning over time. The learner does not receive repeated feedback or update beliefs across trials. The teacher makes 18 one-shot decisions (one per village) but there is no trial-by-trial updating of a learning parameter. This is closer to one-shot pedagogical inference/communication than learning over time. FLAG: borderline learning-vs-decision-making; may be one-shot inference rather than temporal learning.",,,,,pending
a0c8ea17d52248403_s1,a0c8ea17d52248403,Bellucci & Park (2023),2023,YES,NO,,,,,,pending
a0cbdcc9dfd3eb389_s1,a0cbdcc9dfd3eb389,Guennouni (2022),,NO,YES,"Borderline social context — opponent is a pre-programmed computer agent with fixed strategy, not a social agent. Competitive zero-sum games lack cooperative social dimension. However, task explicitly framed as opponent modeling and the work tests opponent model transfer, which is a social cognitive ability. FLAG but do not exclude.",,,,,pending
a0cbdcc9dfd3eb389_s2,a0cbdcc9dfd3eb389,Guennouni (2022),,NO,YES,"FLAG: Social agent is an automated HMM system, not a human partner. However, the HMM was trained on human behavioral data and participants were not told the opponent was a computer. Qualifies with flag.",,,,,pending
a0cbdcc9dfd3eb389_s3,a0cbdcc9dfd3eb389,Guennouni (2022),,NO,YES,FLAG: Social agent is an automated HMM system. Participants were told they faced human opponents but actually faced computer agents. Qualifies with flag.,,,,,pending
a0cbdcc9dfd3eb389_s4,a0cbdcc9dfd3eb389,Guennouni (2022),,NO,YES,"FLAG: This chapter fits HMMs to archival Trust Game data (King-Casas et al., 2008, and a BPD study; N=381 games total). It does not collect new behavioral data. It is a descriptive modeling exercise — the HMMs are not models of a learning process but rather unsupervised characterizations of behavioral patterns. Borderline eligible: uses computational modeling and human behavioral data, but the ""learning"" component is the HMM identifying latent states rather than modeling a learning process per se.",,,,,pending
a0cbdcc9dfd3eb389_s5,a0cbdcc9dfd3eb389,Guennouni (2022),,NO,YES,"FLAG: No human behavioral data collected. Purely computational simulation — POMDP trustee agents play against HMM investors. Does not meet inclusion criterion of ""uses human behavioral data."" However, the POMDP framework and utility function parameters were calibrated against human data from Chapter 3.",,,,,pending
a0cdadbb47a85fb46_s1,a0cdadbb47a85fb46,Oktar et al. (2024),2024,YES,YES,"FLAG — This paper presents a computational model of social inference from testimony, but it is unclear whether ""learning over time"" occurs. The task involves one-shot belief updating in response to a single recommendation under varying conditions, not iterative learning over multiple trials. The model formalizes rational inference rather than a learning process that unfolds over time. Borderline: social inference / one-shot Bayesian belief updating rather than learning over time. Additionally, the model is not formally fit to participant data — only qualitative predictions are tested.",,,,,pending
a0cdccddf2144a383_s1,a0cdccddf2144a383,Becker et al. (2019),2019,YES,YES,"MEDIUM — borderline social learning; social observation modulates non-social RL rather than constituting social learning per se

### CANNOT_FIND
- Mean fitted parameter values for learning rates (alpha) and inverse temperatures (beta)
- Explicit description of parameter estimation method (MLE, MAP, or hierarchical Bayesian)
- Supplement (no supplement file found for this paper)
- Effect sizes for neural contrasts (only FWE-corrected TFCE maps reported)
- Whether data or code are publicly shared

### OTHER NOTES
- This is a bioRxiv preprint (posted October 30, 2019). Should check whether a peer-reviewed version has been published.
- Almost all participants (all except one) also participated in an EEG study by Voegler et al. (2019) — potential overlap/duplicate data concern for behavioral results.
- The DCM analysis (VS to DMPFC connectivity modulated by RPE) is a secondary analysis using effective connectivity, not the primary RL model.
- The paper's primary contribution is showing that social observation context alters RPE-related neural signaling in SAD, particularly in DMPFC Area 9, rather than discovering a novel social learning mechanism.
- No supplement was found; supplement is referenced in the text (Supplementary Figures 1 and 2) but no separate supplement file is available. Flagging: ""Supplement not accessible.""

### RE_EXTRACT_FLAG: false

---

### SELF-CRITIQUE CHECK

1. Re-read output: Complete.
2. Eligibility flag is appropriately set — this is borderline social learning (social modulation of non-social RL). The computational modeling criterion is met (Q-learning), human behavioral data is used, and learning occurs over time (360 trials). The social component is contextual (observation) rather than the learning target or source being social.
3. Coordinates confirmed from text: DMPFC Area 9 (-4, 32, 36), lentiform nucleus (12, 8, -2), VS (-10, 9, -2).
4. WC scores are consistent: only 1 model tested → Rule 2 = No, Rule 7 = No. No simulation → Rule 3 = No. No parameter/model recovery → Rules 5, 6 = No.
5. No data fabricated; blank fields flagged in cannot_find.",,,,,pending
a0ce362f529aa5f00_s1,a0ce362f529aa5f00,Pärnamets & Olsson (2020),2020,YES,NO,,,,,,pending
a0d3ac52f7335afbc_s1,a0d3ac52f7335afbc,Reiter et al. (2019),2019,YES,NO,,,,,,pending
a0d3faac61561129c_s1,a0d3faac61561129c,Elder et al. (2023),2023,YES,NO,,,,,,pending
a0dbe04cafc314aa9_s1,a0dbe04cafc314aa9,Sul et al. (2015),2015,YES,NO,,,,,,pending
a0f14a5ff011d1dc8_s1,a0f14a5ff011d1dc8,Feng et al. (2020),2020,YES,YES,"type: review; does not use original computational modeling with human behavioral data; systematic review of 54 RL studies in depression, addiction, and anxiety. FLAG but do not exclude.",,,,,pending
a0f14a5ff011d1dc8_s2,a0f14a5ff011d1dc8,Feng et al. (2020),2020,YES,NO,,,,,,pending
a0f14a5ff011d1dc8_s3,a0f14a5ff011d1dc8,Feng et al. (2020),2020,YES,NO,,,,,,pending
a0f2e0862f7be225c_s1,a0f2e0862f7be225c,Charpentier et al. (2020),2020,YES,NO,,,,,,pending
a10a4b2c7e36e888a_s1,a10a4b2c7e36e888a,Zhao et al. (2023),2023,YES,NO,,,,,,pending
a119de5d9eabacce5_s1,a119de5d9eabacce5,Rhoads et al. (2025),2025,YES,NO,,,,,,pending
a11b7372abc90e41c_s1,a11b7372abc90e41c,King-Casas et al. (2005),2005,YES,YES,"The paper does not fit a formal computational model to behavioral or neural data. The analogy to reinforcement learning prediction errors is descriptive only. This should be flagged: ""No formal computational model fitted — descriptive/correlational analysis with RL analogy discussed but not implemented. Borderline for inclusion criterion 'uses computational modeling.",,,,,pending
a14d9513d093ee897_s1,a14d9513d093ee897,Molins et al. (2025),2025,YES,YES,"The learning context is NOT social. The IGT involves individual reinforcement learning from non-social monetary outcomes. The stress induction (TSST-VR) is social in nature, but the learning task itself does not involve learning in a social context. The paper does not meet the inclusion criterion ""learning occurs in a social context."" FLAG: non-social learning task; stress manipulation is social but learning/decision-making is non-social.",,,,,pending
a161e0ddcef2f9a88_s1,a161e0ddcef2f9a88,Schmid & Braun (2025),2025,YES,YES,"FLAGGED — borderline on ""learning in a social context."" The task involves group coordination and joint action, which is social, but the learning itself is primarily about one's own sensorimotor contribution (movement direction). The ""social"" aspect is that learning occurs in the context of other agents' actions creating noise/disturbance, and information must be transmitted between groups. The computational models describe individual-level Bayesian or bounded-rational learning, not social learning per se. Additionally, this is closer to sensorimotor adaptation/joint action coordination than social learning about social entities. Flag as: ""borderline — learning is sensorimotor coordination in a multi-agent context rather than learning about social agents or social information.",,,,,pending
a18b63d00c750fecf_s1,a18b63d00c750fecf,Levorsen et al. (2021),2021,YES,YES,"The computational model (Q-learning) is applied only to the nonsocial RL task, not to the social conformity task. The social conformity component uses regression analysis, not computational modeling. The paper's primary goal is to compare neural representations across tasks rather than to model social learning computationally. This is borderline for inclusion — the social conformity task involves learning-like preference change but is not modeled computationally. Flag: ""Computational model applied to nonsocial RL task only; social conformity assessed via regression, not computational model. Borderline: social learning not computationally modeled.",,,,,pending
a19d005cbfacf5616_s1,a19d005cbfacf5616,Thomas et al. (2022),2022,YES,NO,,,,,,pending
a1a5092dd3224df6e_s1,a1a5092dd3224df6e,Turner et al. (2025),2025,YES,NO,,,,,,pending
a1a7bf1b4dc8e94bb_s1,a1a7bf1b4dc8e94bb,Moutoussis et al. (2016),2016,YES,NO,,,,,,pending
a1b6b5214ee0f278c_s1,a1b6b5214ee0f278c,Diaconescu et al. (2017),2017,YES,NO,,,,,,pending
a1b888b8698de3495_s1,a1b888b8698de3495,Pisauro et al. (2022),2022,YES,NO,,,,,,pending
a1bc018f207c35dac_s1,a1bc018f207c35dac,Yu & Ballard (2007),2007,YES,NO,,,,,,pending
a1bfd75a72ec23693_s1,a1bfd75a72ec23693,Kuroda et al. (2022),2022,YES,NO,,,,,,pending
a1c82b2a601b93eeb_s1,a1c82b2a601b93eeb,Moore (2015),2015,YES,YES,Does not meet all inclusion criteria. Experiment 2 uses computational modeling with learning over time but the learning context is non-social (alien classification). Experiment 3 is social but has no computational model and no temporal learning. The author explicitly states no economic model was applied to Experiment 3 choices. Flag as: no single study satisfies all four criteria simultaneously.,,,,,pending
a1cf8e25627c14bde_s1,a1cf8e25627c14bde,Allidina & Cunningham (2021),2021,YES,NO,,,,,,pending
a1d48d8ad0e3d0d03_s1,a1d48d8ad0e3d0d03,Arslan et al. (2017),2017,YES,YES,"Borderline: empirical validation is cross-sectional (no learning observed in participants); learning occurs only in computational simulations. Also: participants are children (5-6 years), not a clinical or adult sample typically seen in computational psychiatry.",,,,,pending
a1d61851931124089_s1,a1d61851931124089,Bellebaum et al. (2012),2012,YES,NO,,,,,,pending
a1d626bb04fc5f0ba_s1,a1d626bb04fc5f0ba,Yoon et al. (2018),2018,YES,NO,,,,,,pending
a1e22fa6e997143f8_s1,a1e22fa6e997143f8,Zhang et al. (2024),2024,YES,NO,,,,,,pending
a204653ce20c31792_s1,a204653ce20c31792,Becker et al. (2017),2017,YES,YES,"The paper uses a computational model (DeGroot) and human behavioral data, and learning occurs over multiple rounds in a social context. However, the model parameters (self-weights) are not formally fitted via optimization — they are analytically derived from the DeGroot framework and empirically estimated from revision patterns. The ""learning"" is over 3 rounds only, which is minimal but qualifies as learning over time. FLAG: Borderline — model is more of a theoretical/analytical framework than a fitted computational model. The self-weight parameters are estimated from behavior but not via standard model fitting (MLE/Bayesian). The paper is better characterized as testing theoretical predictions of the DeGroot model rather than fitting a computational model to data.",,,,,pending
a20e877f71fab27e9_s1,a20e877f71fab27e9,Cisler et al. (2019),2019,YES,YES,"The paper uses computational modeling (Rescorla-Wagner), human behavioral data, and a social learning context (social RL task). However, the primary research question is about trauma/PTSD effects on neural encoding rather than social learning per se. The social RL task is one of multiple tasks. The paper does involve learning over time (90-trial bandit task with switching contingencies). Eligible but borderline — the focus is on trauma effects on salience network function, with social learning being one of several task conditions examined rather than the central computational question.",,,,,pending
a2174e45d82a22e2a_s1,a2174e45d82a22e2a,Watanabe et al. (2013),2013,YES,YES,"Borderline — the ""social"" element is limited to emotional face presentation as a task-independent modulator of non-social reward learning. The learning itself is about cue-reward associations (non-social). Faces are used as emotional stimuli, not as social information sources. This is more accurately emotional modulation of learning than social learning per se. Flag: ""borderline social context — emotional face modulates non-social reward learning; no social learning per se",,,,,pending
a2188d678b95a3af7_s1,a2188d678b95a3af7,Na et al. (2021),2021,YES,NO,,,,,,pending
a21d0e1221204e6a7_s1,a21d0e1221204e6a7,Collins et al. (2016),2016,YES,YES,"The ""social agent"" is an automated computerized confederate agent using predetermined strategies (T4T, PT4T), not a real human partner — FLAG as automated social agent. Additionally, the computational model is an ACT-R cognitive architecture model that was fit to a prior dataset and tested for predictive validity here; it is not a standard computational model fit to individual-level data in this study. The model is not fit to data in this paper — it generates a priori predictions. This is borderline for ""uses computational modeling"" in the standard sense (model comparison is done at the group level via correlation/RMSD, not individual-level parameter estimation).",,,,,pending
a224dcce611192bff_s1,a224dcce611192bff,Li et al. (2023),2023,YES,YES,"Does not meet ""learning over time"" criterion -- one-shot trust game with no feedback and no learning/updating process. No computational modeling. Flag: no temporal learning, no computational model.",,,,,pending
a224dcce611192bff_s2,a224dcce611192bff,Li et al. (2023),2023,YES,NO,,,,,,pending
a224dcce611192bff_s3,a224dcce611192bff,Li et al. (2023),2023,YES,NO,,,,,,pending
a224dcce611192bff_s4,a224dcce611192bff,Li et al. (2023),2023,YES,NO,,,,,,pending
a2288ea970dce3aa7_s1,a2288ea970dce3aa7,Kruppa et al. (2019),2019,YES,NO,,,,,,pending
a22a39917d0dd8ed8_s1,a22a39917d0dd8ed8,Barnby et al. (2024),2024,YES,NO,,,,,,pending
a22a594d9a3396e5c_s1,a22a594d9a3396e5c,Kumar & Steyvers (2023),2023,YES,YES,MEDIUM confidence — borderline learning paper; within-trial Bayesian goal inference could be classified as learning or as one-shot inference across a sequence of observations,,,,,pending
a2313f01554209ba3_s1,a2313f01554209ba3,Deffner et al. (2024),2024,YES,YES,"Potential concern — the paper models latent strategy switching (producer vs. scrounger states) over time, but the ""learning"" is about dynamic calibration of social information use strategies rather than classic trial-by-trial value updating. The model infers latent states and how situational factors influence transitions, rather than tracking evolving value estimates. This is borderline learning-vs-decision-making: participants do adjust strategies over rounds (temporal dynamics show calibration), but the computational model itself is a state-switching model, not a learning model with prediction errors or belief updates. FLAG: borderline learning-vs-decision-making.",,,,,pending
a23346253c62b30ea_s1,a23346253c62b30ea,Realpe-Gomez et al. (2018),2018,YES,YES,"The paper uses computational modeling on human behavioral data in a social context with learning over time (52 rounds of repeated PD). However, the authors did not collect their own data -- they model existing experimental data from Garcia-Lazaro et al. (2012). The primary contribution is theoretical (statistical physics model + mean field analysis + criticality). The ""learning"" is modeled at the aggregate/representative-agent level via a mean field approximation, which is a simplification of individual-level learning. **Flag: The paper is primarily a theoretical/computational physics paper that fits a single model to existing aggregate experimental data. No formal model comparison is conducted (only one model tested). The learning is modeled at the group level via a representative agent, not at the individual level.**",,,,,pending
a243d5dfd1ae939fc_s1,a243d5dfd1ae939fc,Kang et al. (2024),2024,YES,NO,,,,,,pending
a26945158028580df_s1,a26945158028580df,Wittmann et al. (2021),2021,YES,YES,"The RL model serves as a preprocessing tool to derive performance estimates rather than as the primary model being tested. The paper's main contribution is about causal brain manipulation effects on self-other mergence (a neural/behavioral phenomenon), with the computational modeling playing a supporting rather than central role. The learning component (tracking ability estimates over time) meets inclusion criteria, but the primary SOM effects themselves are described as ""decision-related rather than learning-related"" by the authors (line 230). FLAG: Borderline — SOM is explicitly described as decision-related, not learning-related; the learning component (RL model) is a preprocessing step, not the main focus.",,,,,pending
a26bb57d6400eea38_s1,a26bb57d6400eea38,Khalvati et al. (2019),2019,YES,NO,,,,,,pending
a27a2b2cebe0c8587_s1,a27a2b2cebe0c8587,Jangard et al. (2025),2025,YES,NO,,,,,,pending
a27efb8686dd0915f_s1,a27efb8686dd0915f,Lockwood et al. (2019),2019,YES,NO,,,,,,pending
a286a3f21983708d7_s1,a286a3f21983708d7,Burnside et al. (2019),2019,YES,NO,,,,,,pending
a29f8f737795fdfad_s1,a29f8f737795fdfad,Velez & Gweon (2019),2019,YES,YES,"Borderline -- learning over time is limited. The models assume static beliefs about the advisor (no trial-by-trial learning/updating of model parameters). The paper describes participants learning about the advisor early in the task (behavioral data), but the computational models themselves do not capture this learning process -- they fit static parameters across all trials. The ""social agent"" is a simulated automated system. Flag: borderline learning-vs-decision-making; automated social agent.",,,,,pending
a2aa67f2e9f38a8a5_s1,a2aa67f2e9f38a8a5,Ying et al. (2025),2025,YES,YES,"Potential flag — the paper models the *decision* to engage in social learning (observe vs. explore) rather than learning that updates over time in a traditional sense. The ""learning"" is more about information gathering for planning than iterative belief updating from repeated feedback. However, the model does involve Bayesian belief updating over time as observations accumulate (Eq. 3, 7), so it qualifies as learning over time. Flag: borderline learning-vs-decision-making.",,,,,pending
a2b27883579d6f342_s1,a2b27883579d6f342,Barnby et al. (2020),2020,YES,NO,,,,,,pending
a2c08d3018fe4637d_s1,a2c08d3018fe4637d,Realpe-Gomez et al. (2018),2018,YES,YES,"The paper presents a computational model fitted to existing human behavioral data from a social learning context (cooperation dynamics over 52 rounds). However, the model is primarily a *theoretical physics model* validated against existing experimental data rather than a new behavioral experiment. The learning occurs over time (52 rounds) and involves social context (neighbors' behavior). The paper meets inclusion criteria but should be noted as a modeling/theory paper applying to existing data.",,,,,pending
a2c8888de29cb7729_s1,a2c8888de29cb7729,Toyokawa & Gaissmaier (2022),2022,YES,NO,,,,,,pending
a2cdcaf4b59eacb91_s1,a2cdcaf4b59eacb91,Babur et al. (2024),2024,YES,NO,,,,,,pending
a2effa7d6a769e079_s1,a2effa7d6a769e079,Shafto & Goodman (2008),2008,YES,YES,"FLAGGED — Borderline on ""learning over time"" criterion. Each trial involves a single inference from 1-3 examples rather than iterative learning across trials. The model describes rational inference (Bayesian belief updating given examples) rather than trial-by-trial learning with prediction errors or parameter updating over time. This is closer to one-shot inference/concept learning than to learning that unfolds over time. Also: the ""social agent"" (teacher) is either the participant themselves or implicit — there is no real interactive social partner in the learning condition.",,,,,pending
a2f1bdf3bb71d19ad_s1,a2f1bdf3bb71d19ad,Schultner et al. (2025),2025,YES,NO,,,,,,pending
a2fa292c96e609b5d_s1,a2fa292c96e609b5d,Lau et al. (2020),2020,YES,NO,,,,,,pending
a30530da465ff788c_s1,a30530da465ff788c,Zhu et al. (2012),2012,YES,NO,,,,,,pending
a30fdbe97c54f68e0_s1,a30fdbe97c54f68e0,Sul et al. (2015),2015,YES,NO,,,,,,pending
a3131de84618ce7d6_s1,a3131de84618ce7d6,Kang et al. (2021),2021,YES,NO,,,,,,pending
a31d161cea8e5f95a_s1,a31d161cea8e5f95a,Slagter et al. (2023),2023,YES,NO,,,,,,pending
a31e49169e6cf1741_s1,a31e49169e6cf1741,Tomova et al. (2022),2022,YES,YES,"MEDIUM confidence — borderline social context (automated face feedback, non-social learning target)

### CANNOT FIND
- Mean fitted parameter values for $\eta_{pos}$, $\eta_{neg}$, $\beta$ (shown only in figures, not reported numerically)
- Peak MNI coordinates for whole-brain group analysis of MID task (mentioned in text/Fig. 5a but not tabulated)
- Number of parameters for each model (inferred: RP = 3 [$\eta_{rew}$, $\eta_{pun}$, $\beta$]; EWA = 3 [$\phi$, r, $\beta$]; EWArp = 4 [$\eta_{rew}$, $\eta_{pun}$, r, $\beta$]; FU = 3 [$\eta_{pos}$, $\eta_{neg}$, $\beta$]) — MEDIUM confidence

### OTHER NOTES
- This is a preprint on Research Square (posted Dec 2022). The supplement author list includes Lei Zhang and Stefano Palminteri who are not listed in the main preprint author list — the published version may differ.
- Two tasks are used (EBDM and RL) but only the RL task involves computational modeling. The EBDM task is analyzed with mixed-effects models only.
- The fMRI component is a baseline measure (MID task) used as a predictor of isolation effects, not a model-based fMRI analysis of the learning task.
- Study design is within-subjects (3 sessions per participant), which is a strength.",,,,,pending
a321d661f8f8442f8_s1,a321d661f8f8442f8,Hauke et al. (2024),2024,YES,NO,,,,,,pending
a33805f70dcd7a684_s1,a33805f70dcd7a684,Cook et al. (2018),2018,YES,NO,,,,,,pending
a33e6f2cfa2002f06_s1,a33e6f2cfa2002f06,Jangard et al. (2025),2025,YES,NO,,,,,,pending
a345fc694857a72b0_s1,a345fc694857a72b0,Hétu et al. (2017),2017,YES,NO,,,,,,pending
a35d4c61245866a1e_s1,a35d4c61245866a1e,Namba et al. (2024),2024,YES,YES,"Borderline — the ""social"" element is limited to faces as stimuli. The learning is associative value learning about neutral face stimuli via monetary feedback, not truly social learning (no social interaction, no social information source). The faces serve as conditioned stimuli rather than social agents. Flag: ""borderline social context — faces as CS stimuli rather than social agents; no social interaction or social information source.",,,,,pending
a3820794865baaf9c_s1,a3820794865baaf9c,Lockwood et al. (2020),2020,YES,NO,,,,,,pending
a382d4a752f452cfa_s1,a382d4a752f452cfa,Moreira (2022),2022,YES,YES,"Does not meet inclusion criteria. This dissertation examines social decision-making preferences (parent vs. friend) using Bayesian multilevel logistic regression, pattern expression analysis, and NLP methods. There is no computational model of learning (no RL, Bayesian learning, or equivalent). Decisions do not involve learning over time -- each CCT round is independent with no trial-to-trial updating. This is a decision-making study, not a learning study. All three studies fail the ""uses computational modeling"" and ""learning occurs over time"" criteria.",,,,,pending
a391be02b620399e0_s1,a391be02b620399e0,Waite et al. (2024),2024,YES,NO,,,,,,pending
a3ab5b69538196322_s1,a3ab5b69538196322,Na (2021),,NO,NO,,,,,,pending
a3ab5b69538196322_s2,a3ab5b69538196322,Na (2021),,NO,NO,,,,,,pending
a3bad33b1442f406f_s1,a3bad33b1442f406f,Huang et al. (2025),2025,YES,YES,"BORDERLINE -- The study uses computational modeling and human behavioral data, and learning occurs over time. However, the learning itself is non-social (learning picture-button mappings from probabilistic feedback). The social component (being observed) is a contextual moderator, not the content of learning. The ""social context"" modulates learning parameters but participants do not learn from or about social agents. This is social facilitation of non-social learning rather than social learning per se. Flag as borderline for inclusion criterion ""learning occurs in a social context.",,,,,pending
a3bfa9c0b2d56e036_s1,a3bfa9c0b2d56e036,Hammond et al. (2023),2023,YES,YES,"Borderline — the paper uses socio-affective stimuli (faces) as reinforcers in what is otherwise a standard non-social probabilistic learning task. The ""social"" element is the feedback modality, not the learning context or target. The agent does not learn about another person, nor from another person's actions — they learn stimulus-outcome contingencies using social stimuli as feedback. This is socio-affective reinforcement learning rather than social learning per se. Flag as: ""borderline social context — social feedback stimuli but non-social learning target.",,,,,pending
a3c64dbb044e603a3_s1,a3c64dbb044e603a3,Zhang et al. (2022),2022,YES,NO,,,,,,pending
a3cd58a7f769db5a7_s1,a3cd58a7f769db5a7,Ohnishi & Manchanda (2016),2016,YES,YES,"""Borderline inclusion — preliminary working paper with incomplete results; social learning is consumer browsing of community websites (marketing definition), not social learning in computational psychiatry sense; dynamic Bayesian model proposed but not estimated; borderline learning-vs-information-aggregation.",,,,,pending
a3e50173a79c7cd03_s1,a3e50173a79c7cd03,Benistant et al. (2024),2024,YES,NO,,,,,,pending
a3eee84fe04f1d7f6_s1,a3eee84fe04f1d7f6,Muller-Pinzler et al. (2019),2019,YES,NO,,,,,,pending
a3ef0606f3dae7a0f_s1,a3ef0606f3dae7a0f,Dubey (2023),2023,YES,YES,"Does not meet inclusion criteria. This dissertation contains six studies across six chapters. None of the chapters combine computational modeling with learning in a social context over time: Chapters 2-4 use computational models (rational analysis of curiosity, curiosity intervention, metacognitive prediction errors for Aha! moments) but learning is entirely non-social (individual curiosity-driven information seeking). Chapter 5 uses RL agent simulations to study habituation and aspiration-based comparisons, but the agent operates in a non-social gridworld/bandit environment with no social agents or social context -- the authors explicitly note as a limitation that they ""did not consider how aspirations can be influenced by social comparisons"" (p. 147). Chapter 6 is a field experiment on prosocial messaging to reduce water consumption among the wealthy, which involves a social manipulation but no computational modeling and no learning over time. **No chapter qualifies individually.**

---

## COMPUTATIONAL LEVEL",,,,,pending
a3f938d0a85d88449_s1,a3f938d0a85d88449,Wunderlich et al. (2011),2011,YES,YES,"FLAG — This paper does NOT involve social learning. Learning occurs in a non-social context (individual learning about abstract stimulus-reward contingencies). No social agent, no social information, no social context. The task is a probabilistic hierarchical reversal learning task (variant of Wisconsin Card Sorting Task) with no social component whatsoever. Flagged as: ""No social learning context — individual learning about stimulus dimensions and reward contingencies.",,,,,pending
a3fe85a37992e6e91_s1,a3fe85a37992e6e91,Jones et al. (2014),2014,YES,NO,,,,,,pending
a3fea0686f1b28640_s1,a3fea0686f1b28640,Zohary et al. (2022),2022,YES,YES,"FLAG: This paper does NOT use a computational model in the standard sense for the systematic review. It uses a computer vision deep learning model (ResNet-50) to simulate developmental perceptual learning, not a cognitive/computational model fitted to human behavioral data. There is no formal model-fitting to trial-by-trial behavior, no prediction error learning, no Bayesian updating. The ""learning"" studied is perceptual/developmental visual learning of gaze cues, not social learning in the sense of updating beliefs or values from social information over trials. The computational model is a vision model, not a social learning model. Additionally, there is no learning over time in the behavioral task itself — the cueing task measures an already-established (or absent) automatic gaze-following response, not learning within the experiment. Recommend flagging as: ""computational model is a vision/perception model, not a cognitive model of social learning; no trial-by-trial learning in the behavioral task.",,,,,pending
a41e88db4ec71fbb1_s1,a41e88db4ec71fbb1,Ide et al. (2018),2018,YES,NO,,,,,,pending
a4386e36047c2a720_s1,a4386e36047c2a720,Zaki et al. (2016),2016,YES,NO,,,,,,pending
a4436fb2259d8f3d0_s1,a4436fb2259d8f3d0,Gao et al. (2020),2020,YES,YES,"The study uses a standard Rescorla-Wagner model fitted to behavioral data during a probabilistic learning task, which satisfies computational modeling and learning-over-time criteria. However, the core learning is about non-social stimulus–reward associations — the social dimension is limited to the beneficiary of the reward (self/stranger/no one), which modulates motivation but does not make the learning itself social. The mortality salience manipulation is a contextual modulator, not a social learning mechanism. FLAG: borderline social context — the learning target is non-social (stimulus–reward mappings); the social element is only in who benefits from the reward. May not meet ""learning occurs in a social context"" criterion strictly.",,,,,pending
a44cda9eb501547e6_s1,a44cda9eb501547e6,Allidina (2018),2018,YES,YES,"This is a Master's thesis with 9 behavioural studies. Computational modeling is applied only to Study 1 data. The modeling results are explicitly flagged by the author as inconclusive due to overfitting (model recovery failed — models with more avoidance parameters were always preferred regardless of generating model). The thesis qualifies as it uses computational modeling with human behavioural data on social learning over time, but the modeling component is preliminary and acknowledged as unreliable. Flag: thesis; modeling results unreliable per author's own assessment.",,,,,pending
a461a7be9cf637fef_s1,a461a7be9cf637fef,Saulin (2022),,NO,NO,,,,,,pending
a461a7be9cf637fef_s2,a461a7be9cf637fef,Saulin (2022),,NO,YES,"Borderline -- computational modeling of decision process, not learning over time. DDM characterizes how decisions are made, not how associations are learned. The z-parameter changes across blocks, but this reflects changes in decision bias after different motive induction strengths, not trial-by-trial learning.",,,,,pending
a461a7be9cf637fef_s3,a461a7be9cf637fef,Saulin (2022),,NO,YES,"Borderline -- DDM of multi-motive prosocial decision process, not learning over time. **Also published as standalone paper (doi: 10.1016/j.neuroimage.2021.118827) -- flag as duplicate_suspected if that paper appears separately in corpus.**",,,,,pending
a461a7be9cf637fef_s4,a461a7be9cf637fef,Saulin (2022),,NO,YES,"Borderline -- DDM of empathy + financial incentive decision process, not learning over time. **Also published as standalone paper (doi: 10.1080/17470919.2022.2115550) -- flag as duplicate_suspected if that paper appears separately in corpus.**",,,,,pending
a46912a9be5d7171a_s1,a46912a9be5d7171a,Karvelis et al. (2024),2024,YES,YES,"The primary focus of this paper is on psychometric properties (test-retest reliability) of the computational assay rather than on social learning mechanisms per se. The paper does use computational modeling with human behavioral data in a social learning context (learning about an adviser's intentions over time), so it meets inclusion criteria. However, the study is essentially a reliability/methods paper, not a substantive investigation of social learning. FLAG: primary focus is psychometric evaluation rather than social learning mechanisms.",,,,,pending
a48b47874f742ff5e_s1,a48b47874f742ff5e,Stanley (2016),2016,YES,NO,,,,,,pending
a48cb3593974c3b46_s1,a48cb3593974c3b46,Duderstadt et al. (2022),2022,YES,YES,"The ""social agent"" is partly an automated system (algorithms in the non-human condition) — flagged per instructions. Additionally, this paper uses a diffusion model as an analysis tool for disentangling cognitive mechanisms (perceptual vs. judgmental bias) rather than as a learning model per se. The DDM does not model the learning process over time; it characterizes decision-making within each phase. Borderline: learning occurs across phases (baseline to learning to extinction), but the computational model does not capture trial-by-trial updating. Flag: borderline learning-vs-decision-making case; DDM used as measurement model, not a learning model. Pure DDM (no learning component) — borderline eligibility (decision-making, not learning over time).",,,,,pending
a49219b09016ebf46_s1,a49219b09016ebf46,Heijne et al. (2018),2018,YES,NO,,,,,,pending
a49c01d79541cb445_s1,a49c01d79541cb445,Deffner et al. (2020),2020,YES,NO,,,,,,pending
a4aea460e9fdfae26_s1,a4aea460e9fdfae26,Ho et al. (2017),2017,YES,YES,"Borderline eligibility. The paper models learning from demonstration using computational models (Bayesian inverse planning, MDPs) and uses human behavioral data. However, the learning is arguably one-shot inference (observe one demonstration, then judge reward function) rather than learning over time with trial-by-trial updating. The observer sees a single demonstration trajectory and makes a judgment -- there is no multi-trial learning process. Flag: ""Borderline: learning may be one-shot inference from a single demonstration rather than learning over time. The demonstrator model involves sequential planning, but the observer's task is a single inference episode.",,,,,pending
a4af8527b1cc684fd_s1,a4af8527b1cc684fd,Hertz et al. (2021),2021,YES,NO,,,,,,pending
a4b676be68b05d63f_s1,a4b676be68b05d63f,Ereira et al. (2020),2020,YES,NO,,,,,,pending
a4c798581c32b3068_s1,a4c798581c32b3068,Shin et al. (2019),2019,YES,YES,"The ""social agent"" is an emotional face stimulus (not an interactive social agent). The learning target is non-social (cue-outcome association in the world). Social information acts as a distractor/noise source rather than being the object of learning. Flag: borderline social learning -- social information modulates learning but the learned content is non-social. The emotional faces are automated stimuli, not social agents.",,,,,pending
a4d0cf163e6e71f5b_s1,a4d0cf163e6e71f5b,Thompson & Westwater (2017),2017,YES,NO,,,,,,pending
a4e38a51c7a61c0bf_s1,a4e38a51c7a61c0bf,Suzuki et al. (2016),2016,YES,NO,,,,,,pending
a5025a357ec0cf23b_s1,a5025a357ec0cf23b,Story et al. (2024),2024,YES,NO,,,,,,pending
a51c8ed5a90786abc_s1,a51c8ed5a90786abc,Stoddard et al. (2023),2023,YES,YES,"MEDIUM — borderline social learning; the task uses social stimuli (face emotions) but the learning process itself is category learning from computer-generated feedback, not learning from or about social agents",,,,,pending
a522a4a6c2827b1e8_s1,a522a4a6c2827b1e8,Falben et al. (2023),2023,YES,NO,,,,,,pending
a525b90f489739776_s1,a525b90f489739776,Barnby (2021),,NO,YES,"thesis -- Chapter 4 is the qualifying computational modeling study. Chapters 2 (psychometric), 3 (behavioral, no computational model of learning), and 5 (pharmacological, no computational model of learning) do not independently meet computational modeling inclusion criteria. Note: Chapter 4 was published as Barnby et al. (2020) in PLOS Computational Biology -- flag as potential duplicate if that published paper also appears in the corpus.",,,,,pending
a53ac421a426041d2_s1,a53ac421a426041d2,Hofmans & Bos (2025),2025,YES,NO,,,,,,pending
a5410643e38a591ad_s1,a5410643e38a591ad,Buritica (2016),2016,YES,NO,,,,,,pending
a549906e29a2f9bf5_s1,a549906e29a2f9bf5,Allidina et al. (2025),2025,YES,NO,,,,,,pending
a549906e29a2f9bf5_s2,a549906e29a2f9bf5,Allidina et al. (2025),2025,YES,NO,,,,,,pending
a549906e29a2f9bf5_s3,a549906e29a2f9bf5,Allidina et al. (2025),2025,YES,NO,,,,,,pending
a5827b540b620ffdf_s1,a5827b540b620ffdf,Meffert et al. (2015),2015,YES,NO,,,,,,pending
a5894b4a391e9517f_s1,a5894b4a391e9517f,Guilbeault et al. (2025),2025,YES,YES,"Potential concern — the paper does not use computational modeling in the typical reinforcement learning or Bayesian parameter-fitting sense. Instead, it compares parameter-free agent-based models (ABMs) via prediction accuracy. There is no individual-level parameter estimation. The ""models"" are deterministic decision rules applied to simulated memory, not fitted latent-variable models. This may be borderline for inclusion depending on how strictly ""computational modeling"" is defined. Additionally, the Study 1 behavioral data was collected by other researchers (Centola & Baronchelli, 2015; Centola et al., 2018) — the present paper reanalyzes it. Flag: borderline computational modeling (ABM comparison, no parameter fitting).",,,,,pending
a595d96a627a0d6c7_s1,a595d96a627a0d6c7,Guigon (2022),2022,YES,YES,"Dissertation -- only Chapter II (Study 2) qualifies. Chapter I does not involve computational models of social learning over time (individual metacognition/information-seeking only). Chapter III does not involve social learning (testosterone effects on reward anticipation). Note: borderline on whether learning truly occurs ""over time"" as the Bayesian learning component (theta_learning) contributed minimally to decisions per the authors; however, the model does include dynamic belief updating across trials.",,,,,pending
a5a61bfd3d0b2ae26_s1,a5a61bfd3d0b2ae26,Low et al. (2022),2022,YES,NO,,,,,,pending
a5b2c0aa182d22e77_s1,a5b2c0aa182d22e77,Atlas et al. (2016),2016,YES,YES,"The ""social"" element is limited to verbal instructions from an experimenter about contingencies — the learning itself is about non-social cue-shock associations. The social component (instruction delivery) is minimal and one-directional. This is borderline for social learning; the paper primarily studies instructed vs. experiential learning of aversive contingencies. Flag: borderline social context — instructions are socially conveyed but the learning target is non-social (cue-shock contingencies).",,,,,pending
a5c364d5139293d80_s1,a5c364d5139293d80,Sevgi et al. (2020),2020,YES,NO,,,,,,pending
a5dcc5dc6991a975a_s1,a5dcc5dc6991a975a,Kwak & Huettel (2016),2016,YES,NO,,,,,,pending
a5dd8a3151396baf3_s1,a5dd8a3151396baf3,Charpentier et al. (2019),2019,YES,NO,,,,,,pending
a5eef886e2c800a4d_s1,a5eef886e2c800a4d,Lockwood et al. (2016),2016,YES,NO,,,,,,pending
a5f0d9e7021894afb_s1,a5f0d9e7021894afb,DeJoseph et al. (2024),2024,YES,YES,"Stimulus learning is not inherently social — the task involves learning stimulus-outcome associations where socioemotional images serve as contextual modulators, not social agents. The ""social"" element is the stimulus content (IAPS images of social scenes), not social interaction or social learning per se. FLAG: borderline social context — socioemotional stimulus modulation of non-social reinforcement learning.",,,,,pending
a5fa9856df9dfb976_s1,a5fa9856df9dfb976,Huber et al. (2015),2015,YES,NO,,,,,,pending
a6282feec6a507024_s1,a6282feec6a507024,Campbell-Meiklejohn et al. (2010),2010,YES,YES,"The paper does not fit a formal computational model of learning (no RL, Bayesian, or similar trial-by-trial model). The ""model"" is a linear regression coefficient (B_inf) used as a between-subject covariate. This is borderline — flag as: ""No formal computational learning model; B_inf is a descriptive behavioral measure used as fMRI regressor, not a trial-by-trial computational model of learning.",,,,,pending
a631236efa231f350_s1,a631236efa231f350,Hawkins et al. (2023),2023,YES,YES,"This paper is primarily a computational modeling/theory paper with behavioral experiments. The CHAI model is a computational model applied to human behavioral data in a social learning context (convention formation over time). Learning occurs over time (repeated interactions across multiple partners). All inclusion criteria are met. However, the model is evaluated via qualitative simulation-to-data comparison rather than formal model fitting to trial-level data — this is a notable limitation for the systematic review's algorithmic-level analysis.",,,,,pending
a635c02bbe34f52fb_s1,a635c02bbe34f52fb,Rosenblau et al. (2018),2018,YES,NO,,,,,,pending
a6404fb3831ef9006_s1,a6404fb3831ef9006,Buritica et al. (2024),2024,YES,NO,,,,,,pending
a64cfcd55a5c3f4aa_s1,a64cfcd55a5c3f4aa,Zhu et al. (2019),2019,YES,NO,,,,,,pending
a6546b339f2c30246_s1,a6546b339f2c30246,Stefanics et al. (2019),2019,YES,YES,"LOW confidence that this qualifies as social learning — strong concern this is perceptual inference, not social learning",,,,,pending
a65eda4ccd581548e_s1,a65eda4ccd581548e,Jin et al. (2025),2025,YES,NO,,,,,,pending
a661fc88f8387f952_s1,a661fc88f8387f952,Haaker & Olsson (2018),2018,YES,NO,,,,,,pending
a66f741ba53ddd6f0_s1,a66f741ba53ddd6f0,Hertz et al. (2017),2017,YES,NO,,,,,,pending
a6775e847c8afacd3_s1,a6775e847c8afacd3,Benistant et al.,,YES,YES,"FLAG — This paper does not collect new data; it is a secondary computational modeling analysis of two existing behavioural datasets (Jiang et al., 2023; Choi et al., 2023). It uses computational modeling and human behavioral data, learning occurs in a social context over time. However, note: (a) no new empirical data, (b) the paper reads more like a computational/theoretical comparison than a standard empirical study. Still meets inclusion criteria. Also flag: the ""social agents"" are real human participants interacting in real time, so this is genuinely social.",,,,,pending
a684568d126a9a533_s1,a684568d126a9a533,Hardy et al. (2022),2022,YES,YES,"Borderline -- the paper uses computational modeling (Bayesian social sampling) and human behavioral data in a social context with learning over time (multigenerational accumulation). However, learning is primarily about non-social content (gemstone categories) rather than social content, and the ""computational model"" is parameter-free and evaluated via simulation-and-compare rather than being fitted to individual-level data. The social context is the transmission structure rather than the learning target. Flagged as: social context is the transmission mechanism, not the learning content; model has no free parameters.",,,,,pending
a684568d126a9a533_s2,a684568d126a9a533,Hardy et al. (2022),2022,YES,YES,"Same as Study 1 -- borderline. Social context is the transmission mechanism, not the learning target. Learning content is non-social (spaceship part quality). Model has no free parameters.",,,,,pending
a68ddc721d9a6e4ec_s1,a68ddc721d9a6e4ec,Yifrah et al. (2021),2021,YES,NO,,,,,,pending
a69295c33195177a3_s1,a69295c33195177a3,Hough & Juvina (2022),2022,YES,NO,,,,,,pending
a69f025cbcb4e3d3f_s1,a69f025cbcb4e3d3f,Deng et al. (2023),2023,YES,NO,,,,,,pending
a6a7eaf0b8cc43d62_s1,a6a7eaf0b8cc43d62,Frey et al. (2021),,YES,YES,FALSE,,,,,pending
a6a9f8812b97f5a58_s1,a6a9f8812b97f5a58,Lindstrom et al. (2015),2015,YES,YES,"FLAG -- Borderline social learning. The task is fundamentally a non-social instrumental avoidance learning task. The ""social"" element is limited to the stimulus category used in 2 of 4 experiments (threatening faces, out-group faces). Learning does not occur in a social context (no social interaction, no social information source, no social inference). The Pavlovian bias from social stimuli is pre-existing and not learned within the task. This paper is primarily about Pavlovian-instrumental interaction with fear-relevant stimuli, not social learning per se.",,,,,pending
a6b5c1c0696212ab4_s1,a6b5c1c0696212ab4,Panizza et al. (2021),2021,YES,NO,,,,,,pending
a6b9bc33a9a00f6e5_s1,a6b9bc33a9a00f6e5,Unruh-Pinheiro et al. (2020),2020,YES,YES,"Ineligible — no computational model of learning; no social context; decision-making/metacognition study with descriptive statistical models only. Does not meet criteria for: (1) computational modeling, (2) social context, (3) learning over time.",,,,,pending
a6dd1e063ef951bf7_s1,a6dd1e063ef951bf7,Cooper et al. (2014),2014,YES,NO,,,,,,pending
a6de40ea666d052f4_s1,a6de40ea666d052f4,Schulze et al. (2015),2015,YES,YES,"Borderline -- learning occurs over time (500 trials) and involves a social agent (computerized opponent), but the ""social"" dimension is competition against a computer, not genuine social learning. The computational modeling is present and applied to behavioral data. The core learning is about optimal choice strategy (matching vs. maximizing) rather than learning about social agents per se. Flag: borderline social learning -- competition against computerized opponent; learning is primarily about choice strategy optimization rather than social information.",,,,,pending
a6de40ea666d052f4_s2,a6de40ea666d052f4,Schulze et al. (2015),2015,YES,YES,"Borderline social learning. The opponent is computerized (not a real social agent). Learning is primarily about optimal choice strategy in a competitive environment, not about social information per se. The social dimension is the competitive structure (opponent whose behavior depends on/is independent of participant behavior). MEDIUM confidence that this qualifies as social learning.",,,,,pending
a6e0cdae5974d3b41_s1,a6e0cdae5974d3b41,Barnby et al. (2025),2025,YES,NO,,,,,,pending
a6e4643b5be9b53d0_s1,a6e4643b5be9b53d0,Chang et al. (2010),2010,YES,NO,,,,,,pending
a6e7df7b5f83f3b8c_s1,a6e7df7b5f83f3b8c,Toyokawa et al. (2018),2018,YES,NO,,,,,,pending
a6e960f86a4bc326f_s1,a6e960f86a4bc326f,Blanchard et al. (2020),2020,YES,YES,"The social exclusion manipulation (Cyberball) precedes but is not part of the learning task itself. The ERLT learning loop is non-social (computerized feedback on valence choices). The paper examines whether social exclusion moderates non-social reinforcement learning, rather than modeling learning in a social context per se. FLAG: borderline -- social context is a between-subjects manipulation, not integrated into the learning process.",,,,,pending
a6ef8f19d4f08cf77_s1,a6ef8f19d4f08cf77,Hillebrandt (2014),2014,YES,YES,"Does not meet inclusion criteria. None of the four studies uses computational modeling of learning. The dissertation uses DCM (a neuroimaging connectivity method) and standard GLM, but no computational models of learning are fitted to behavioral data. There is no learning over time in any study -- Chapter 2 is a 3-round trust game without model-fitting, Chapters 3-4 use a perspective-taking task with no trial-by-trial learning, and Chapter 5 uses passive viewing of animated triangles. The ""Bayesian hierarchical predictive coding"" in the title refers to a theoretical interpretive framework (Friston's free energy principle), not to a computational model fitted to data.

Specific violations:
- **No computational modeling** (fails criterion 1)
- **No learning over time** (fails criterion 4) -- all tasks are either one-shot or block designs without trial-by-trial updating",,,,,pending
a6f1e0378e031c979_s1,a6f1e0378e031c979,Vahedi et al. (2025),2025,YES,NO,,,,,,pending
a6f9cb6e230fc8bce_s1,a6f9cb6e230fc8bce,Heffner et al. (2025),2025,YES,YES,"FLAG — The paper does not fit a formal computational model to data. It computes empirical prediction errors directly from participant self-reports and uses them as regressors in GLMMs. There is no fitted RL or Bayesian model. The paper clearly involves social learning over time, and the PE framework is conceptually computational, but no computational model is formally specified, fitted, or compared. This is borderline for ""uses computational modeling"" inclusion criterion.",,,,,pending
a70bb29710dadbc8a_s1,a70bb29710dadbc8a,Tehrani-Safa et al. (2023),2023,YES,NO,,,,,,pending
a713034c4a22ef323_s1,a713034c4a22ef323,Fareri et al. (2015),2015,YES,NO,,,,,,pending
a71954caf3dc912b6_s1,a71954caf3dc912b6,Xiang et al. (2012),2012,YES,NO,,,,,,pending
a71bd3ab98fb45944_s1,a71bd3ab98fb45944,Son (2023),,NO,YES,"HIGH -- duplicate_suspected, this is clearly the preprint of the PNAS paper",,,,,pending
a72733d5dd128ea96_s1,a72733d5dd128ea96,Chen et al. (2024),2024,YES,YES,"MEDIUM confidence — borderline on temporal learning criterion (only 2 rounds); borderline on whether this constitutes ""learning"" vs. ""communication/inference",,,,,pending
a72ee534eb86c7c7b_s1,a72ee534eb86c7c7b,Bai et al. (2022),2022,YES,YES,"FLAG -- The paper uses a computational model (Thompson sampling) and human behavioral data, and learning occurs over time (40 sequential rounds). However, the model is not fitted to individual participant data; it is used as a normative/simulation-level account whose qualitative predictions are compared to aggregate human behavior. This is a simulate-and-compare approach rather than traditional computational modeling with parameter estimation. The ""social"" context involves fictional, abstract groups rather than real social interactions. The paper is borderline on ""uses computational modeling"" in the sense of fitting models to human data -- it uses computational modeling in the sense of generating predictions from a formal model. Include but flag as: **model not fitted to individual data; simulate-and-compare only**.",,,,,pending
a738ffd23b825d7eb_s1,a738ffd23b825d7eb,Hill et al. (2017),2017,YES,NO,,,,,,pending
a753ce0a16a71460a_s1,a753ce0a16a71460a,Naito et al. (2022),2022,YES,NO,,,,,,pending
a755398898eeb5ca3_s1,a755398898eeb5ca3,Jones et al. (2011),2011,YES,NO,,,,,,pending
a768d7510f53e8a45_s1,a768d7510f53e8a45,Kwak et al. (2014),2014,YES,NO,,,,,,pending
a76db468de82a4657_s1,a76db468de82a4657,Allidina (2023),2023,YES,YES,"Dissertation -- Chapter 3 (focal study) qualifies; Chapter 2 is a purely theoretical paper (no data, no computational model); Chapter 4 uses behavioral/eye-tracking studies with standard statistical analysis (logistic regression, GAMs, Bayesian multilevel models) but no computational model of learning. Only Chapter 3 should be extracted. Note: Chapter 2 was published separately as Allidina & Cunningham (2023) in PSPR -- check for potential duplicate if that paper is also in the corpus.",,,,,pending
a77cf800f1d2cd07a_s1,a77cf800f1d2cd07a,Schultner et al. (2024),2024,YES,NO,,,,,,pending
a7a0c89d37037a4ba_s1,a7a0c89d37037a4ba,Khalvati et al. (2016),2016,YES,YES,"Borderline -- the paper frames this as social decision making with Bayesian belief updating over rounds, but the ""learning"" is belief updating about group cooperativeness across rounds of a repeated game. This is closer to learning over time (belief updating trial-by-trial) than one-shot inference, so it meets inclusion criteria. However, the POMDP is a planning/decision model rather than a pure learning model -- the learning component is the Bayesian belief update embedded within the POMDP framework. Flag: ""Borderline learning-vs-decision-making; belief updating over trials qualifies but primary framing is decision-making/planning.",,,,,pending
a7a46fe1cb9c1429d_s1,a7a46fe1cb9c1429d,Reiter et al. (2021),2021,YES,NO,,,,,,pending
a7bae18ba1c06d93c_s1,a7bae18ba1c06d93c,Diaconescu et al. (2020),2020,YES,NO,,,,,,pending
a7cc156a3678a43c8_s1,a7cc156a3678a43c8,Zhou et al. (2025),2025,YES,NO,,,,,,pending
a7cc156a3678a43c8_s2,a7cc156a3678a43c8,Zhou et al. (2025),2025,YES,NO,,,,,,pending
a8064150791341f6a_s1,a8064150791341f6a,Wittmann et al. (2021),2021,YES,YES,"Borderline: RL model is ancillary (generates regressors only); SOM is described as decision-related, not learning-related. The paper does involve trial-by-trial performance learning via RL, but the primary phenomenon under investigation (self-other mergence) is a context-dependent representational bias, not learning per se.",,,,,pending
a80c37dd74c4998a4_s1,a80c37dd74c4998a4,Aquino (2022),,NO,YES,"Dissertation; only Study 3 (Chapter IV) qualifies for social learning inclusion criteria. Flag as potential duplicate of Aquino et al. (2020) JNeurosci. The ""social agent"" is a pre-recorded video -- the authors themselves note this does not control for social vs. non-social observation.",,,,,pending
a80de13010a4dd07a_s1,a80de13010a4dd07a,Henco et al. (2020),2020,YES,NO,,,,,,pending
a810046b519d4623e_s1,a810046b519d4623e,Schulz et al. (2025),2025,YES,NO,,,,,,pending
a81bf6f05519ac865_s1,a81bf6f05519ac865,Zaragoza-Jimenez et al. (2023),2023,YES,YES,"Borderline -- the paper uses computational modeling and human behavioral data with learning over time, but the ""social"" element is debatable. Participants learn to recognize computer-generated face identities, which is relevant to social perception but the learning process itself does not involve social interaction, social feedback, or learning about social attributes. The faces are not real people and there is no social agent. The ""social"" agent is effectively absent -- this is perceptual learning of face stimuli. FLAG: borderline social context; no social interaction or social feedback; perceptual face identity learning rather than social learning per se.",,,,,pending
a8209482cdec5baea_s1,a8209482cdec5baea,Xu et al. (2023),2023,YES,NO,,,,,,pending
a8269fcbdd859d7b8_s1,a8269fcbdd859d7b8,Lindström & Tobler (2018),2018,YES,NO,,,,,,pending
a8286f527041f9a9a_s1,a8286f527041f9a9a,Beltzer et al. (2023),2023,YES,NO,,,,,,pending
a8298436254387388_s1,a8298436254387388,Christopoulos & King-Casas (2015),2015,YES,NO,,,,,,pending
a82c908cc2a2d6222_s1,a82c908cc2a2d6222,Lindström et al. (2019),2019,YES,YES,Learning does not occur in a social context. Experiment 1 is a non-social Pavlovian baseline. Flag: non-social learning condition serving as comparison for social experiments.,,,,,pending
a82c908cc2a2d6222_s2,a82c908cc2a2d6222,Lindström et al. (2019),2019,YES,NO,,,,,,pending
a82c908cc2a2d6222_s3,a82c908cc2a2d6222,Lindström et al. (2019),2019,YES,NO,,,,,,pending
a84b2ae0f3b82710b_s1,a84b2ae0f3b82710b,Suzuki et al. (2015),2015,YES,NO,,,,,,pending
a867322e7b21f303d_s1,a867322e7b21f303d,Cisler et al. (2015),2015,YES,NO,,,,,,pending
a87df681de092cd6d_s1,a87df681de092cd6d,Pinho et al. (2024),2024,YES,NO,,,,,,pending
a87df681de092cd6d_s2,a87df681de092cd6d,Pinho et al. (2024),2024,YES,YES,"Borderline — Study 2 does not involve computational model fitting to behavioral data. The mood-RL model was used for simulations/predictions only, and empirical analyses were model-free. Flagged as borderline for inclusion criterion ""uses computational modeling.",,,,,pending
a87df681de092cd6d_s3,a87df681de092cd6d,Pinho et al. (2024),2024,YES,NO,,,,,,pending
a894d6f4ea6856b0c_s1,a894d6f4ea6856b0c,Gershman et al. (2017),2017,YES,YES,"Borderline — the model is Bayesian structure learning (inference), not iterative trial-by-trial learning with prediction errors. Learning occurs over the course of observing choices (accumulating evidence for group assignments via Bayesian updating), so there is temporal updating. However, this is closer to one-shot Bayesian inference over accumulated data than incremental trial-by-trial learning. FLAG: borderline learning-vs-inference case. The model performs Bayesian inference over the full set of observed choices rather than sequential updating, though the developmental simulations show how the prior shifts with accumulating experience.",,,,,pending
a89810dc3e613b00c_s1,a89810dc3e613b00c,Schultner et al. (2024),2024,YES,NO,,,,,,pending
a89810dc3e613b00c_s2,a89810dc3e613b00c,Schultner et al. (2024),2024,YES,NO,,,,,,pending
a89810dc3e613b00c_s3,a89810dc3e613b00c,Schultner et al. (2024),2024,YES,NO,,,,,,pending
a89810dc3e613b00c_s4,a89810dc3e613b00c,Schultner et al. (2024),2024,YES,NO,,,,,,pending
a89810dc3e613b00c_s5,a89810dc3e613b00c,Schultner et al. (2024),2024,YES,YES,"FLAG -- In the computer condition, the ""social agent"" is an automated system. The learning paradigm still involves social targets (group members), so this remains social learning, but the demonstrator source is non-social in one condition.",,,,,pending
a89810dc3e613b00c_s6,a89810dc3e613b00c,Schultner et al. (2024),2024,YES,NO,,,,,,pending
a8996ce4e0b44ae3c_s1,a8996ce4e0b44ae3c,Siegel et al. (2020),2020,YES,NO,,,,,,pending
a89991d8ca0b50e35_s1,a89991d8ca0b50e35,Jiang et al. (2025),2025,YES,YES,"FLAG — social agent is partially an automated system (LLM-powered bots as candidate partners). The learning modeled is human selectors learning about the trustworthiness of partner types, which qualifies as social learning. However, the ""social"" partners include AI agents, not solely human agents.",,,,,pending
a89f6aeb837399ffe_s1,a89f6aeb837399ffe,Westhoff et al. (2021),2021,YES,NO,,,,,,pending
a89fcd76a5ec248ed_s1,a89fcd76a5ec248ed,Brazil (2013),2013,YES,NO,,,,,,pending
a8a76a4289879e5d9_s1,a8a76a4289879e5d9,Spiering et al. (2025),2025,YES,NO,,,,,,pending
a8a8de79a9824ebef_s1,a8a8de79a9824ebef,Chackochan & Sanguineti (2019),2019,YES,NO,,,,,,pending
a8b11e1958a9bf87b_s1,a8b11e1958a9bf87b,Yoshida et al. (2010),2010,YES,NO,,,,,,pending
a8bcb614a58101314_s1,a8bcb614a58101314,Ide et al. (2018),2018,YES,NO,,,,,,pending
a8cdfbc3ac27cf4e3_s1,a8cdfbc3ac27cf4e3,Rosenblau et al. (2021),2021,YES,NO,,,,,,pending
a8d99523e77ad1011_s1,a8d99523e77ad1011,Gweon et al. (2010),2010,YES,YES,"FLAG — This paper tests inductive generalization/inference from a single demonstration episode, not learning over time. The infants observe a single sampling event and make a one-shot inference about property extension. There is no trial-by-trial learning or updating over time. This is closer to one-shot Bayesian inference than iterative social learning. Additionally, participants are infants (not the typical adult sample), though human behavioral data are used. The computational model is Bayesian but has no free parameters fitted to data — predictions are derived analytically.
  - Confidence: HIGH",,,,,pending
a8d9fd46a0700f631_s1,a8d9fd46a0700f631,Siegel (2019),,NO,YES,Dissertation with published papers. Chapters 3-4 published as Siegel et al. (2018) *Nature Human Behaviour*; Chapter 5 published as Siegel et al. (2019) *Nature Communications*. Flag `duplicate_suspected` if those papers are in the corpus. Chapter 6 (BPD) may be unique.,,,,,pending
a8e4cc32c4fb15890_s1,a8e4cc32c4fb15890,Haruno & Kawato (2009),2009,YES,NO,,,,,,pending
a8ee4d53d01f352c4_s1,a8ee4d53d01f352c4,Hula et al. (2018),2018,YES,NO,,,,,,pending
a8f29ea7bd21570f4_s1,a8f29ea7bd21570f4,Mistry & Liljeholm (2019),2019,YES,YES,"Experiment 1 does not involve learning over time — participants' knowledge of reward probabilities was trained to criterion before the gambling phase and no updating occurred during the gambling phase. The conformity parameter w is a static preference, not a learned value. FLAG: borderline learning-vs-decision-making; may be better characterized as value-based decision-making with social influence rather than social learning over time.",,,,,pending
a8f29ea7bd21570f4_s2,a8f29ea7bd21570f4,Mistry & Liljeholm (2019),2019,YES,NO,,,,,,pending
a8f3eec4be8a10e95_s1,a8f3eec4be8a10e95,Wu et al. (2024),2024,YES,NO,,,,,,pending
a8f41c34a8a0f226f_s1,a8f41c34a8a0f226f,Lengersdorff et al. (2020),2020,YES,NO,,,,,,pending
a8f7679fe2ca5768f_s1,a8f7679fe2ca5768f,Saulin (2022),,NO,NO,,,,,,pending
a8f7679fe2ca5768f_s2,a8f7679fe2ca5768f,Saulin (2022),,NO,NO,,,,,,pending
a8f7679fe2ca5768f_s3,a8f7679fe2ca5768f,Saulin (2022),,NO,NO,,,,,,pending
a8f7679fe2ca5768f_s4,a8f7679fe2ca5768f,Iotzov (2022),,NO,NO,,,,,,pending
a8f9db013045d1900_s1,a8f9db013045d1900,Tarantola et al. (2017),2017,YES,NO,,,,,,pending
a9159d74bfbe6e921_s1,a9159d74bfbe6e921,Henco et al. (2020),2020,YES,NO,,,,,,pending
a91b86671d398f473_s1,a91b86671d398f473,Traast et al. (2024),2024,YES,NO,,,,,,pending
a91b86671d398f473_s2,a91b86671d398f473,Traast et al. (2024),2024,YES,NO,,,,,,pending
a9314fd573def5ba4_s1,a9314fd573def5ba4,Bellucci & Park (2020),2020,YES,YES,"Experiments 1 and 2 do not use computational modeling and would not independently qualify. Experiment 3 meets all inclusion criteria. The ""social agent"" is an automated/computer-programmed adviser -- flagged. Overall paper is eligible based on Experiment 3.",,,,,pending
a935c9d6fc7644f65_s1,a935c9d6fc7644f65,Pisauro et al. (2022),2022,YES,NO,,,,,,pending
a937c70ec9653c074_s1,a937c70ec9653c074,Huang et al. (2026),2026,YES,NO,,,,,,pending
a941675f73ddb4a9d_s1,a941675f73ddb4a9d,Cooper et al. (2012),2012,YES,NO,,,,,,pending
a9463d098431ad6f7_s1,a9463d098431ad6f7,Hopkins (2021),,NO,YES,"Potential duplicate -- Chapter 4 was published as Hopkins et al. (2021) in Computational Psychiatry (doi: 10.5334/cpsy.57). Check if this published paper is already in the corpus; if so, flag this thesis chapter as duplicate_suspected. Also: thesis format (flag which chapters qualify -- only Ch4 and social component of Ch5).
  - Confidence: HIGH",,,,,pending
a9463d098431ad6f7_s2,a9463d098431ad6f7,Hopkins (2021),,NO,YES,"Does not meet social context criterion. This is an fMRI study of sensory uncertainty processing (visual spatial uncertainty in threat/shock avoidance task). No social agent, no social context. Uses hierarchical Bayesian model and associative learning models, N=39, with fMRI.",,,,,pending
a950c7c6f86c80e02_s1,a950c7c6f86c80e02,Konovalov et al. (2021),2021,YES,NO,,,,,,pending
a95540e306d318922_s1,a95540e306d318922,Koban et al. (2023),2023,YES,NO,,,,,,pending
a95587b4f9d0dd433_s1,a95587b4f9d0dd433,Wadhera & Kakkar (2021),2021,YES,YES,Borderline — the computational model is a mathematical simulation framework with RMSE-based fitting rather than a standard computational cognitive model with formal parameter estimation. Social learning is present and learning occurs over time (120 trials). Recommend inclusion with flag.,,,,,pending
a9586876f56b22b88_s1,a9586876f56b22b88,Schröder et al. (2025),2025,YES,NO,,,,,,pending
a95eb220fdbe63dcd_s1,a95eb220fdbe63dcd,Bang et al. (2017),2017,YES,YES,"FLAGGED — Borderline on ""learning over time"" criterion. The confidence matching effect is demonstrated at the aggregate level (mean confidence converges across blocks) and at short time scales (trial-by-trial serial dependence extending 3 trials back). However, the TD learning model is used for qualitative simulation rather than formal fitting, and the primary analyses are about aggregate convergence rather than trial-by-trial learning dynamics. The computational modeling is relatively light (SDT for benchmarking + qualitative TD model). This is borderline between social influence/adaptation and genuine computational modeling of learning.",,,,,pending
a95ecd2364102e984_s1,a95ecd2364102e984,Nong et al. (2024),2024,YES,NO,,,,,,pending
a95f701fd9e24ed4f_s1,a95f701fd9e24ed4f,Hackel & Zaki (2018),2018,YES,NO,,,,,,pending
a95f701fd9e24ed4f_s2,a95f701fd9e24ed4f,Hackel & Zaki (2018),2018,YES,NO,,,,,,pending
a96ed8bf28c49c43c_s1,a96ed8bf28c49c43c,Wu et al. (2024),2024,YES,NO,,,,,,pending
a972fcd80ff0bfd61_s1,a972fcd80ff0bfd61,Wang et al. (2023),2023,YES,NO,,,,,,pending
a9762e050e082aeee_s1,a9762e050e082aeee,Rossi-Goldthorpe et al. (2021),2021,YES,NO,,,,,,pending
a9848c84183aa4aea_s1,a9848c84183aa4aea,Chen & Krajbich (2017),2017,YES,YES,HIGH confidence — the paper is borderline for social learning inclusion; the social context is incidental to the learning mechanism,,,,,pending
a9954ad15eee76513_s1,a9954ad15eee76513,Khalvati (2021),2021,YES,YES,Dissertation; Chapters 3-4 non-social/non-human — only Chapters 5-6 qualify. Study 1 uses computer opponents (participants deceived). Study 2b is duplicate of Study 1 data. MEDIUM confidence.,,,,,pending
a9954ad15eee76513_s2,a9954ad15eee76513,Khalvati (2021),2021,YES,YES,Dissertation; Chapters 3-4 non-social/non-human — only Chapters 5-6 qualify. Study 1 uses computer opponents (participants deceived). Study 2b is duplicate of Study 1 data. MEDIUM confidence.,,,,,pending
a9954ad15eee76513_s3,a9954ad15eee76513,Khalvati (2021),2021,YES,YES,Dissertation; Chapters 3-4 non-social/non-human — only Chapters 5-6 qualify. Study 1 uses computer opponents (participants deceived). Study 2b is duplicate of Study 1 data. MEDIUM confidence.,,,,,pending
a9954ad15eee76513_s4,a9954ad15eee76513,Khalvati (2021),2021,YES,YES,Dissertation; Chapters 3-4 non-social/non-human — only Chapters 5-6 qualify. Study 1 uses computer opponents (participants deceived). Study 2b is duplicate of Study 1 data. MEDIUM confidence.,,,,,pending
a9954ad15eee76513_s5,a9954ad15eee76513,Khalvati (2021),2021,YES,YES,Dissertation; Chapters 3-4 non-social/non-human — only Chapters 5-6 qualify. Study 1 uses computer opponents (participants deceived). Study 2b is duplicate of Study 1 data. MEDIUM confidence.,,,,,pending
a99e972647ad3bec8_s1,a99e972647ad3bec8,Connell et al. (2022),2022,YES,NO,,,,,,pending
a9a3417e0682c84d6_s1,a9a3417e0682c84d6,Hackel et al. (2020),2020,YES,NO,,,,,,pending
a9b473d280d0123c3_s1,a9b473d280d0123c3,Ham & Jenkins (2025),2025,YES,NO,,,,,,pending
a9b473d280d0123c3_s2,a9b473d280d0123c3,Ham & Jenkins (2025),2025,YES,NO,,,,,,pending
a9b473d280d0123c3_s3,a9b473d280d0123c3,Ham & Jenkins (2025),2025,YES,NO,,,,,,pending
a9b9f1c6d36ab97ce_s1,a9b9f1c6d36ab97ce,Hackel et al. (2019),2019,YES,NO,,,,,,pending
a9c7e220f549232d0_s1,a9c7e220f549232d0,Najar et al. (2020),2020,YES,NO,,,,,,pending
a9cae99108b54e23f_s1,a9cae99108b54e23f,Safra et al. (2018),2018,YES,NO,,,,,,pending
a9df2b53b9da59315_s1,a9df2b53b9da59315,Li et al. (2021),2021,YES,NO,,,,,,pending
a9f10240140953810_s1,a9f10240140953810,Safra et al. (2018),2018,YES,NO,,,,,,pending
aa09d738ea4dd18f0_s1,aa09d738ea4dd18f0,Fornari et al. (2023),2023,YES,NO,,,,,,pending
aa1cfaa7c0b32b5c0_s1,aa1cfaa7c0b32b5c0,Guo et al. (2024),2024,YES,NO,,,,,,pending
aa1cfaa7c0b32b5c0_s2,aa1cfaa7c0b32b5c0,Guo et al. (2024),2024,YES,NO,,,,,,pending
aa1e8872d83056b92_s1,aa1e8872d83056b92,Lockwood et al. (2016),2016,YES,NO,,,,,,pending
aa28098964fa29f4a_s1,aa28098964fa29f4a,Rybicki (2022),,NO,NO,,,,,,pending
aa28098964fa29f4a_s2,aa28098964fa29f4a,Rybicki (2022),,NO,YES,"duplicate_suspected -- This chapter is published as Rybicki, A. J., Sowden, S. L., Schuster, B. A., & Cook, J. L. (2022). Dopaminergic challenge dissociates learning from primary versus secondary sources of information. eLife, 11, e74893. This published version exists separately in the corpus at `papers/Dopaminergic challenge dissociates learning from primary versus secondary sources of information.txt`. Extract from the published version to avoid double-counting.""

---

## ADDITIONAL FIELDS

### Flagged fields (across both studies):",,,,,pending
aa2845674ac4d1137_s1,aa2845674ac4d1137,Zhang (2020),,NO,NO,,,,,,pending
aa29ab1115d964d7c_s1,aa29ab1115d964d7c,Yoon et al. (2018),2018,YES,NO,,,,,,pending
aa2d45c0840bbbf7d_s1,aa2d45c0840bbbf7d,Liao et al. (2021),2021,YES,NO,,,,,,pending
aa56074d11a12abcd_s1,aa56074d11a12abcd,Gaule et al. (2024),2024,YES,YES,"FLAG — Computational modeling was attempted but failed (learning rates too low to interpret for any group). The paper ultimately relies on GLMM analysis of choice behavior and win-stay/lose-shift heuristics rather than successful computational model fitting. This is borderline for the inclusion criterion ""uses computational modeling"" since models were attempted but could not be fit. The learning component (adjusting to cooperative/uncooperative environments over repeated trials) is present.
- Confidence: HIGH",,,,,pending
aa57d04b1f68bf618_s1,aa57d04b1f68bf618,Teo et al. (2022),2022,YES,YES,"Borderline -- causal inference task, not clear temporal learning over multiple trials (participants observe a single scenario and make one-shot inferences; Study 1b measures at 5 timepoints within a single video but this is within-trial dynamic updating, not trial-by-trial learning). Flag: possible one-shot inference rather than learning over time.",,,,,pending
aa6091f9cc6c693f0_s1,aa6091f9cc6c693f0,Lin et al. (2012),2012,YES,YES,"Borderline — the task involves learning stimulus–reward associations where rewards happen to be social (faces) vs. non-social (money). There is no social interaction, social inference, or learning about another agent. The ""social"" element is purely the reward modality. Flag as: social reward learning but no social agent or social context beyond stimulus type.",,,,,pending
aa65ca8c435e94942_s1,aa65ca8c435e94942,Ereira et al. (2018),2018,YES,NO,,,,,,pending
aa71946e6c9f86d56_s1,aa71946e6c9f86d56,Efferson et al. (2008),2008,YES,NO,,,,,,pending
aa792de35f80feb74_s1,aa792de35f80feb74,Burke et al. (2016),2016,YES,NO,,,,,,pending
aa7a0276ada8cc7db_s1,aa7a0276ada8cc7db,Cui (2021),,NO,NO,,,,,,pending
aa7a0276ada8cc7db_s2,aa7a0276ada8cc7db,Cui (2021),,NO,NO,,,,,,pending
aa7a0276ada8cc7db_s3,aa7a0276ada8cc7db,Cui (2021),,NO,NO,,,,,,pending
aa7d5ff60fbdb2268_s1,aa7d5ff60fbdb2268,Bos et al. (2013),2013,YES,NO,,,,,,pending
aa81b9b0bc29c1c9b_s1,aa81b9b0bc29c1c9b,Castanon et al. (2023),2023,YES,YES,"No human behavioral data -- simulation study only

### CANNOT FIND
- Formal effect sizes (not applicable to simulation study)
- Formal model comparison statistics (BIC, AIC, etc.)
- Parameter recovery / model recovery results
- Preregistration status

### OTHER NOTES
- This is a computational/theoretical paper that proposes an agent-based model using Bush-Mosteller RL to explain altruistic behavior in the Dictator Game through social expectations (empirical + normative). It validates by comparing simulation outputs to published meta-analytic experimental benchmarks rather than collecting new human data.
- The key theoretical contribution is that coupling empirical and normative susceptibility into a single parameter (""socially consistent"" agents) and weighting negative interactions ~3x more than positive interactions best reproduces experimental DG donation profiles.
- The supplement (Annex) presents results for the more general case where empirical and normative susceptibilities can differ, showing this leads to loss of heterogeneity in donation profiles inconsistent with experimental evidence.
- DOI: 10.1038/s41598-023-28659-0
- Published in Scientific Reports (2023)

### RE-EXTRACT FLAG: false",,,,,pending
aa8995e72ac240a9d_s1,aa8995e72ac240a9d,Colombo (2012),2012,YES,YES,"Flag: thesis — only Chapter 7 (the tipping game experiment, joint work with Stankevicius and Series) qualifies as empirical study with computational modeling and human behavioral data. Chapters 1-6 are theoretical/philosophical. Also flag: the ""social agent"" providing feedback is an automated system (computer-generated faces), not a real social partner.",,,,,pending
aa975564adbb29669_s1,aa975564adbb29669,Siegel et al. (2018),2018,YES,NO,,,,,,pending
aa9af9e1a3bf50f6f_s1,aa9af9e1a3bf50f6f,Müller-Pinzler et al. (2022),2022,YES,NO,,,,,,pending
aa9ddd5acc0c507a5_s1,aa9ddd5acc0c507a5,Carrignon et al. (2020),2020,YES,YES,"FLAGGED — Does not meet inclusion criteria. This study uses computational modeling and learning occurs over time, but it does NOT use human behavioral data (it uses archaeological ceramic distribution data and agent-based simulations). The ""agents"" are simulated settlement-level entities, not human participants. The learning context is social (cultural transmission of economic strategies), but there are no human participants generating behavioral data. Flag: ""No human behavioral data; archaeological/simulation study only.",,,,,pending
aaa5af466851f84e7_s1,aaa5af466851f84e7,Wittmann et al. (2016),2016,YES,NO,,,,,,pending
aaab6d101a666b350_s1,aaab6d101a666b350,Zhang (2020),,NO,YES,`duplicate_suspected` -- This is the bioRxiv preprint (2019) of the published Science Advances paper (2020) already extracted as cov_350 in batch 11. The published version is the more authoritative source and should be retained; this preprint should be marked ineligible.,,,,,pending
aacdf803808aa7093_s1,aacdf803808aa7093,Vidal-Perez et al. (2025),2025,YES,YES,"The ""social agent"" is an automated/computerized system (not a real human partner). The social context is minimal — participants learn about non-social outcomes (bandit reward probabilities) from computerized feedback agents. Flag: borderline social context; social source but non-social learning target.",,,,,pending
aad116851b47281bd_s1,aad116851b47281bd,Lockwood et al. (2020),2020,YES,NO,,,,,,pending
aad2e89eeb949f588_s1,aad2e89eeb949f588,Gadeke et al. (2020),2020,YES,NO,,,,,,pending
aad2e89eeb949f588_s2,aad2e89eeb949f588,Gadeke et al. (2020),2020,YES,YES,"Borderline. The models do not represent traditional ""learning over time"" -- there is no learning rate or belief updating. The model is a weighted regression of momentary happiness on recent reward history with exponential decay. This is closer to a descriptive affective model than a learning model. Flag as: ""borderline learning-vs-decision-making; model captures temporal dynamics of happiness via exponential decay but no explicit learning rate or belief updating mechanism.",,,,,pending
aaf1f44b770d3f388_s1,aaf1f44b770d3f388,Lau (2019),,NO,YES,"Does not meet inclusion criteria: no computational modeling; no learning over time (one-shot categorization task). This is a repetition suppression fMRI study of social categorization, not a computational modeling study of social learning.",,,,,pending
aaf1f44b770d3f388_s2,aaf1f44b770d3f388,Lau (2019),,NO,YES,"duplicate_suspected -- Published version exists in folder: ""Discovering social groups via latent structure learning. .txt"" (Lau, Pouncy, Gershman, & Cikara, 2020, J Exp Psychol Gen). Extract from published version instead.",,,,,pending
aaf1f44b770d3f388_s3,aaf1f44b770d3f388,Lau (2019),,NO,YES,"duplicate_suspected -- Published version exists in folder: ""Social structure learning in human anterior insula. .txt"" (Lau, Gershman, & Cikara, 2020, eLife). Extract from published version instead.",,,,,pending
aaf5da550579ef6f7_s1,aaf5da550579ef6f7,Selbing et al. (2014),2014,YES,NO,,,,,,pending
aaf6f20a11cf3f1a3_s1,aaf6f20a11cf3f1a3,Müller-Pinzler et al. (2022),2022,YES,NO,,,,,,pending
ab0cb8b2ffd8b28e9_s1,ab0cb8b2ffd8b28e9,Saulin et al. (2024),2024,YES,NO,,,,,,pending
ab0cb8b2ffd8b28e9_s2,ab0cb8b2ffd8b28e9,Saulin et al. (2024),2024,YES,NO,,,,,,pending
ab1248f299f347c28_s1,ab1248f299f347c28,Ereira et al. (2020),2020,YES,NO,,,,,,pending
ab13df8717184ccee_s1,ab13df8717184ccee,Gelpi (2025),,NO,NO,,,,,,pending
ab13df8717184ccee_s2,ab13df8717184ccee,Gelpi (2025),,NO,YES,"MEDIUM confidence -- the ""social agent"" is automated (pre-recorded MARL trajectories), which CLAUDE.md says to flag

### CANNOT FIND
- Formal computational model fitted to human behavioral data (none exists; human data analyzed with LMER/GLMER only)
- Model comparison metrics for human data (no formal model comparison)
- Individual-level model fits for human participants

### OTHER NOTES
- This experiment (Chapter 5, Experiment 4) was published as part of: Gelpi, R. A., Tang, Y., Jackson, E. C., & Cunningham, W. A. (2025). Social coordination perpetuates stereotypic expectations and behaviours across generations in deep multi-agent reinforcement learning. PNAS Nexus, 4(3), pgaf076. https://doi.org/10.1093/pnasnexus/pgaf076. If this published paper is also in the papers folder, flag as duplicate_suspected.
- The MARL simulations (Ch5 Exps 1-3) provide the theoretical framework but do not involve human data.
- The ""social agent"" in this task is an automated system (pre-recorded MARL market decider or agent trajectories), which should be flagged per CLAUDE.md.
- No supplement file found for this thesis.",,,,,pending
ab2879a22cc94c9db_s1,ab2879a22cc94c9db,Whalen et al. (2018),2018,YES,YES,"Borderline — the task is a one-shot judgment (no learning over time/trials). Participants make a single rating per condition. There is no trial-by-trial learning or updating. The Bayesian model describes optimal inference given evidence, not a learning process that unfolds over time. This may not meet the ""learning happens over time"" inclusion criterion. FLAG: potential eligibility concern — one-shot inference, not iterative learning.",,,,,pending
ab33ea9da5f1f13b6_s1,ab33ea9da5f1f13b6,Vanyukov et al. (2019),2019,YES,NO,,,,,,pending
ab3bd6a979910aae4_s1,ab3bd6a979910aae4,Contreras-Huerta (2021),2021,YES,YES,"FLAGGED -- thesis; no learning over time in any study; pure cost-benefit decision-making with stable utility parameters. Models are utility/value functions, not learning models. Does not meet inclusion criterion: ""learning occurs in a social context"" or ""learning happens over time."" Flag as `type: thesis; eligibility: no_temporal_learning; decision_making_not_learning`.",,,,,pending
ab445c71d4d07759b_s1,ab445c71d4d07759b,Dun et al. (2024),2024,YES,NO,,,,,,pending
ab55cdf703297acb8_s1,ab55cdf703297acb8,Cui (2021),,NO,NO,,,,,,pending
ab55cdf703297acb8_s2,ab55cdf703297acb8,Cui (2021),,NO,NO,,,,,,pending
ab55cdf703297acb8_s3,ab55cdf703297acb8,Cui (2021),,NO,NO,,,,,,pending
ab722870328c9d745_s1,ab722870328c9d745,Behrens et al. (2008),2008,YES,NO,,,,,,pending
ab75b85a308524e49_s1,ab75b85a308524e49,Najar et al. (2019),2019,YES,NO,,,,,,pending
ab7787bb0688efa95_s1,ab7787bb0688efa95,Maier et al.,,YES,YES,"Borderline eligibility. The paper uses computational modeling and human behavioral data, and learning occurs over time (13 trials). However, the learning context is arguably not ""social"" in the sense required by the review: participants learn from their own moral decision outcomes, not from social agents, social feedback, or social observation. The moral dilemmas involve other people, but the learning mechanism itself is non-social (individual RL over one's own outcomes). Flag: ""Learning mechanism is non-social (individual metacognitive RL from own outcomes); moral dilemmas involve others but no social learning source (no observation, imitation, or social feedback).",,,,,pending
ab89196503af91f3e_s1,ab89196503af91f3e,Westhoff et al. (2020),2020,YES,NO,,,,,,pending
ab89a28f11fb22ed2_s1,ab89a28f11fb22ed2,Wu et al. (2023),2023,YES,YES,"Borderline — the PGG is a one-shot game per round (no trial-to-trial learning/updating). The computational model is a static utility model fit across rounds, not a dynamic learning model that updates parameters over time. There is no prediction error or belief updating across trials. The ""learning"" here is better characterized as static decision-making under different incentive contexts. FLAG: borderline learning-vs-decision-making; no temporal updating or trial-by-trial learning.",,,,,pending
ab9129a02398500c2_s1,ab9129a02398500c2,Camerer & Ho (1999),1999,YES,YES,"MEDIUM confidence -- borderline social learning. The games involve human strategic interaction, but the models do not explicitly model social cognition, mentalizing, or social learning about other agents. The learning target is strategy optimality, not social information.",,,,,pending
ab9bdfac589e098a5_s1,ab9bdfac589e098a5,Story et al. (2024),2024,YES,NO,,,,,,pending
ab9cc4e653811594c_s1,ab9cc4e653811594c,Ma et al. (2020),2020,YES,NO,,,,,,pending
aba1374805b0f9772_s1,aba1374805b0f9772,Hunter et al. (2022),2022,YES,NO,,,,,,pending
abb19da2267bf8662_s1,abb19da2267bf8662,DeJoseph (2023),2023,YES,YES,"FLAG — borderline social context. The task uses socioemotionally salient images (depicting social scenes) as stimuli but involves no social interaction, no social agent, and no social learning per se. The ""social"" element is limited to the emotional/social content of the visual stimuli being learned about. Learning is from reward/punishment feedback about stimulus-outcome associations, not from or about a social agent. This is reinforcement learning modulated by socioemotional stimulus content, not social learning in the conventional sense. Additionally, this is a dissertation — only one study, so no double-counting concern.

---

### 14. Concerns",,,,,pending
abbaa5732e78c069d_s1,abbaa5732e78c069d,Bray & Doherty (2007),2007,YES,YES,"Borderline — the ""social"" element is limited to attractive faces serving as reward stimuli. There is no social interaction, no social agent producing outcomes, and no learning about another person's mental states or behavior. The faces function as visual reinforcers (like juice or money) rather than as social agents. The learning is classical conditioning of cue-reward associations, not social learning per se. FLAG: borderline social context; faces as reward stimuli rather than social agents.",,,,,pending
abc1e750e82809237_s1,abc1e750e82809237,Allen et al. (2023),2023,YES,NO,,,,,,pending
abfd52709b54c4481_s1,abfd52709b54c4481,Frolichs et al. (2022),2022,YES,NO,,,,,,pending
abfd52709b54c4481_s2,abfd52709b54c4481,Frolichs et al. (2022),2022,YES,YES,"Borderline -- uses RSA (representational similarity analysis) not computational models of learning. The RSA models test whether knowledge structures are represented in neural activity but do not model learning dynamics. Study 2 sub-study 2 has no feedback phase (no trial-by-trial learning). Sub-study 1 is a reanalysis of Korn et al. (2012). Flagged as borderline for ""uses computational modeling"" and ""learning happens over time"" criteria.",,,,,pending
abfd52709b54c4481_s3,abfd52709b54c4481,Frolichs et al. (2022),2022,YES,YES,MEDIUM -- borderline cases requiring judgment call,,,,,pending
ac02bfcaa3344eedb_s1,ac02bfcaa3344eedb,Steixner-Kumar et al. (2022),2022,YES,YES,"Borderline — models are used as normative benchmarks (simulate-and-compare) rather than fitted to participant data. No computational model is fitted to individual behavior. Learning occurs across sessions (Fig 14) but the primary analysis is about departure from optimal solutions, not learning dynamics per se. The paper involves social interaction and repeated learning, but the computational models are not learning models fitted to data — they are optimal planning solutions used for comparison.",,,,,pending
ac08dd66a77134815_s1,ac08dd66a77134815,Liu (2024),2024,YES,NO,,,,,,pending
ac08dd66a77134815_s2,ac08dd66a77134815,Liu (2024),2024,YES,NO,,,,,,pending
ac0d19c94aa17f8df_s1,ac0d19c94aa17f8df,Radell et al. (2016),2016,YES,NO,,,,,,pending
ac0dfea8131964cfb_s1,ac0dfea8131964cfb,Kutlikova et al. (2023),2023,YES,YES,"The learning in this task is reward learning about stimulus-reward contingencies (non-social learning target). The social component is the audience manipulation and prosocial framing (self vs. NGO recipient), but participants are not learning about a social agent. FLAG: borderline — learning is temporal and computational, but target of learning is non-social (world/stimulus-reward associations). The social context modulates learning but the learning itself may not qualify as ""learning in a social context"" in the strict sense of learning about social entities. **Confidence: MEDIUM**",,,,,pending
ac0f34be605950410_s1,ac0f34be605950410,Yifrah (2024),2024,YES,NO,,,,,,pending
ac0f34be605950410_s2,ac0f34be605950410,Yifrah (2024),2024,YES,NO,,,,,,pending
ac114abb9dde87831_s1,ac114abb9dde87831,Leong & Zaki (2017),2017,YES,NO,,,,,,pending
ac114abb9dde87831_s2,ac114abb9dde87831,Leong & Zaki (2017),2017,YES,NO,,,,,,pending
ac114abb9dde87831_s3,ac114abb9dde87831,Leong & Zaki (2017),2017,YES,NO,,,,,,pending
ac2232886939a29e2_s1,ac2232886939a29e2,Hackel et al. (2020),2020,YES,NO,,,,,,pending
ac358235abc2dab17_s1,ac358235abc2dab17,Frey & McCabe (2020),2020,YES,NO,,,,,,pending
ac3893746e8a09725_s1,ac3893746e8a09725,Patil et al. (2020),2020,YES,YES,"FLAGGED -- This paper does NOT meet inclusion criteria for the following reasons:
1. **No computational modeling of learning**: The paper uses reinforcement learning two-step tasks (Daw et al., 2011; Kool et al., 2016) only as a behavioral measure of individual differences in model-based vs. model-free control (the weighting parameter *w*). The RL model is not used to model social learning -- it is used as a cognitive style index correlated with moral judgment. The paper's primary analyses are correlational (mixed-effects regression, random-effects meta-analysis, cortical thickness GLM), not computational modeling of a learning process.
2. **No learning over time in a social context**: Participants make moral judgments on hypothetical vignettes (sacrificial dilemmas). There is no trial-by-trial learning, no feedback-driven updating, and no social learning process. The two-step RL tasks are used in a non-social (space travel) or pseudo-social (hypothetical shocks) context as a measure of cognitive style, not as the phenomenon under study.
3. **The study focus is moral judgment/decision-making, not learning**: The paper investigates whether individual differences in reasoning predict utilitarian moral judgments. This is a one-shot judgment paradigm, not a learning paradigm.

---

### COMPUTATIONAL LEVEL",,,,,pending
ac41b67b58fda0894_s1,ac41b67b58fda0894,Connell et al. (2022),2022,YES,NO,,,,,,pending
ac42c30ad279615ee_s1,ac42c30ad279615ee,Lindstrom et al. (2021),2021,YES,NO,,,,,,pending
ac43c16de65d32bf5_s1,ac43c16de65d32bf5,Davis (2025),2025,YES,NO,,,,,,pending
ac43c16de65d32bf5_s2,ac43c16de65d32bf5,Davis (2025),2025,YES,NO,,,,,,pending
ac46ee22ccf716c5f_s1,ac46ee22ccf716c5f,Collette et al. (2017),2017,YES,NO,,,,,,pending
ac490d4a134a2a23a_s1,ac490d4a134a2a23a,Arbel et al. (2024),2024,YES,NO,,,,,,pending
ac53f156a8e951830_s1,ac53f156a8e951830,Zhou et al. (2024),2024,YES,NO,,,,,,pending
ac6e0c476e6fbdeea_s1,ac6e0c476e6fbdeea,Navidi et al. (2023),2023,YES,NO,,,,,,pending
ac6e6ff32b9164bef_s1,ac6e6ff32b9164bef,Oguchi et al. (2023),2023,YES,YES,LOW confidence that this meets inclusion criteria — the task is non-social; SVO is a separate individual-difference measure only.,,,,,pending
ac6f972a000227fcc_s1,ac6f972a000227fcc,Panizza (2020),2020,YES,YES,"Flagged -- does not meet inclusion criteria for computational modeling of learning. Uses **mixed-effects logistic regression** (not a computational model of learning). There is **no learning over time** -- this is a memory study examining whether fairness-violating choices are forgotten. No prediction error, no belief updating, no learning dynamics. Flag: ""No computational modeling of learning; no temporal learning; memory bias study.",,,,,pending
ac6f972a000227fcc_s2,ac6f972a000227fcc,Panizza (2020),2020,YES,YES,"Flagged -- borderline. Uses norm-dependent utility estimation (logistic regression), but there is **no learning over time**. Participants make choices in a series of static mini-dictator games. The computational modeling is a utility function estimation, not a learning model. No temporal updating or prediction error mechanism. This is primarily a **decision-making / social preferences** study, not a social learning study. Flag: ""No temporal learning; utility estimation only; borderline learning vs. decision-making.",,,,,pending
ac6f972a000227fcc_s3,ac6f972a000227fcc,Panizza (2020),2020,YES,YES,"Flagged -- does not meet inclusion criteria for computational modeling of learning. Uses **mixed-effects logistic regression** (not a computational model of learning). There is **no learning over time** -- this is a memory study examining whether fairness-violating choices are forgotten. No prediction error, no belief updating, no learning dynamics. Flag: ""No computational modeling of learning; no temporal learning; memory bias study.",,,,,pending
ac739eb9ee61d9c5a_s1,ac739eb9ee61d9c5a,Cavanagh et al. (2011),2011,YES,YES,"FLAG — The learning task itself is non-social (probabilistic reinforcement learning with abstract stimuli and computer-generated feedback). The social component is limited to the stress manipulation context (social evaluative threat). This is borderline for ""learning in a social context"" — the social element modulates learning but the learning itself is not about social content and does not involve social agents as information sources.",,,,,pending
ac75a46c48f334d60_s1,ac75a46c48f334d60,Oguchi et al. (2023),2023,YES,YES,"The learning task itself is NON-SOCIAL (a standard probabilistic state-transition task). The social component is limited to an individual difference measure (SVO) used to group participants. The paper does not involve learning in a social context -- it examines how a pre-existing social preference trait correlates with non-social learning strategy. FLAG: The task does not involve social learning; learning does not occur in a social context. The social element (SVO) is a between-subjects moderator, not part of the learning process.",,,,,pending
ac7c0ebf911382402_s1,ac7c0ebf911382402,Colombo et al. (2014),2014,YES,NO,,,,,,pending
ac7c0ebf911382402_s2,ac7c0ebf911382402,Colombo et al. (2014),2014,YES,NO,,,,,,pending
ac804d19bfcd535f0_s1,ac804d19bfcd535f0,Li et al. (2024),2024,YES,NO,,,,,,pending
ac804d19bfcd535f0_s2,ac804d19bfcd535f0,Li et al. (2024),2024,YES,NO,,,,,,pending
ac804d19bfcd535f0_s3,ac804d19bfcd535f0,Li et al. (2024),2024,YES,NO,,,,,,pending
ac99aa56310d34352_s1,ac99aa56310d34352,Rhoads (2022),,NO,YES,Full text not accessible (ProQuest preview only -- 24 of ~140+ pages available). Study 2 is the only study meeting all inclusion criteria. FLAG: Study 2 is suspected duplicate of published journal article 'Neurocomputational basis of learning when choices simultaneously affect both oneself and others' (Rhoads et al.) found in the papers folder. Study 1 does not use computational modeling or learning over time (neural representation study). Study 3 is a prosocial decision-making/valuation study using descriptive hyperbolic discounting -- borderline for learning-over-time criterion.,,,,,pending
ac9c48d17a2ad451e_s1,ac9c48d17a2ad451e,Witt et al. (2023),2023,YES,NO,,,,,,pending
aca22588e77b2199f_s1,aca22588e77b2199f,Nye (2014),2014,YES,YES,"This paper uses computational modeling validated against archival behavioral data, but does NOT collect new human behavioral data. The ""participants"" are simulated cognitive agents, not human subjects generating new data. The learning occurs through agent-based simulation rather than direct observation of human learning. FLAG: No new human behavioral data — agent-based simulation only. Additionally, this is an agent-based cognitive architecture (PMFServ) rather than a computational model in the standard sense used in computational psychiatry/neuroscience (no parameter fitting to individual human choice data in the typical sense). The paper may not meet inclusion criterion ""Uses human behavioral data"" — the behavioral data is archival and used for validation rather than model fitting.",,,,,pending
aca833a84ad094374_s1,aca833a84ad094374,Panizza et al. (2021),2021,YES,NO,,,,,,pending
acb15cc5b7a80075c_s1,acb15cc5b7a80075c,Kim et al. (2021),2021,YES,NO,,,,,,pending
acb32d7c8936fcfe9_s1,acb32d7c8936fcfe9,Lamba et al. (2020),2020,YES,NO,,,,,,pending
acb8a9bf7cd2f5505_s1,acb8a9bf7cd2f5505,Ezaki et al. (2016),2016,YES,YES,"FLAG: (1) No human behavioral data collected in this study -- it is a computational simulation study that compares model outputs to previously published human experimental patterns. (2) The ""learning"" is simulated, not observed in human participants. (3) Borderline: the paper uses computational modeling and the learning occurs over time in a social context, but no new human data are modeled. May not meet inclusion criterion ""Uses human behavioral data"" since no participants were tested.",,,,,pending
acc0853d58c451c9c_s1,acc0853d58c451c9c,Schreiber (2023),2023,YES,YES,FLAG: thesis; borderline social learning (social cues present as Pavlovian stimuli but no genuine social interaction or learning from others' behavior); learning does occur over time (40 epochs of trial-and-error learning).,,,,,pending
ace1dd58f58cdda90_s1,ace1dd58f58cdda90,Lau et al. (2024),2024,YES,NO,,,,,,pending
acf9caf573646169b_s1,acf9caf573646169b,Kobza & Bellebaum (2015),2015,YES,NO,,,,,,pending
ad0eac35025a13070_s1,ad0eac35025a13070,Chien et al. (2016),2016,YES,YES,MEDIUM confidence — borderline social learning; faces serve as cues with inherent social value but learning is about non-social reward contingencies,,,,,pending
ad11fe61eb364c4c2_s1,ad11fe61eb364c4c2,Westhoff et al. (2021),2021,YES,NO,,,,,,pending
ad1a6e903ea4d2f38_s1,ad1a6e903ea4d2f38,Apps et al. (2015),2015,YES,NO,,,,,,pending
ad1a881a7ce1349fe_s1,ad1a881a7ce1349fe,Aquino et al. (2020),2020,YES,NO,,,,,,pending
ad3752120fcff1c97_s1,ad3752120fcff1c97,Su et al. (2025),2025,YES,NO,,,,,,pending
ad3752120fcff1c97_s2,ad3752120fcff1c97,Su et al. (2025),2025,YES,NO,,,,,,pending
ad3e6a3d753e0ec06_s1,ad3e6a3d753e0ec06,Lindstrom & Olsson (2015),2015,YES,NO,,,,,,pending
ad3f3eebeed3451ab_s1,ad3f3eebeed3451ab,Yi et al. (2021),2021,YES,NO,,,,,,pending
ad52c397133e84328_s1,ad52c397133e84328,Wu et al. (2024),2024,YES,NO,,,,,,pending
ad52c397133e84328_s2,ad52c397133e84328,Wu et al. (2024),2024,YES,NO,,,,,,pending
ad572f499ac2a7d6a_s1,ad572f499ac2a7d6a,Khalvati et al. (2019),2019,YES,NO,,,,,,pending
ad608a8ef93ad42b6_s1,ad608a8ef93ad42b6,Gueguen et al. (2025),2025,YES,NO,,,,,,pending
ad6a9b35452058a43_s1,ad6a9b35452058a43,Son et al. (2023),2023,YES,NO,,,,,,pending
ad7b44d47520e9e12_s1,ad7b44d47520e9e12,Bang et al. (2022),2022,YES,NO,,,,,,pending
ad82ebc97cc3bb9e3_s1,ad82ebc97cc3bb9e3,Yang et al. (2013),2013,YES,YES,"Borderline — the computational model is applied post hoc to qualitatively capture ordinal patterns across conditions. It is not formally fit to individual-level behavioral data (no parameter estimation from data, no quantitative model comparison). The model is a Bayesian categorization model, not a trial-by-trial learning model. Participants are 15-month-old infants, which is unusual for the review corpus. The ""learning over time"" criterion is marginal — infants observe a few demonstrations and then act once on a test object, which is closer to one-shot generalization than iterative learning. FLAG: borderline computational modeling (qualitative fit only); borderline learning-over-time (few-shot demonstration, single test trial).",,,,,pending
ad853afe5ab730771_s1,ad853afe5ab730771,Mahmoodi et al. (2024),2024,YES,NO,,,,,,pending
ad869b3b0665cb6ac_s1,ad869b3b0665cb6ac,Kim et al. (2025),2025,YES,NO,,,,,,pending
ad89fe63f862d25cb_s1,ad89fe63f862d25cb,Zhang (2018),2018,YES,YES,"Dissertation; both Study 1 and Study 2 qualify. Study 2 flagged: social agent is a computer algorithm (replayed human choices), not a genuine social partner. No double-counting risk as datasets are independent (different participants).

---

# STUDY 1 (Chapters 2-4): Social Influence in Goal-Directed Learning (Behavioral + fMRI)

## COMPUTATIONAL LEVEL",,,,,pending
ad89fe63f862d25cb_s2,ad89fe63f862d25cb,Zhang (2018),2018,YES,YES,"Dissertation; both Study 1 and Study 2 qualify. Study 2 flagged: social agent is a computer algorithm (replayed human choices), not a genuine social partner. No double-counting risk as datasets are independent (different participants).

---

# STUDY 1 (Chapters 2-4): Social Influence in Goal-Directed Learning (Behavioral + fMRI)

## COMPUTATIONAL LEVEL",,,,,pending
ad8c91c1b0277d469_s1,ad8c91c1b0277d469,Diaconescu et al. (2014),2014,YES,NO,,,,,,pending
ad9c35b8c64437b99_s1,ad9c35b8c64437b99,Pan et al. (2023),2023,YES,NO,,,,,,pending
adace563f08274e40_s1,adace563f08274e40,Gueguen et al. (2025),2025,YES,NO,,,,,,pending
adaf4feb200605004_s1,adaf4feb200605004,Eisenegger et al. (2013),2013,YES,NO,,,,,,pending
add08712d32ca9aeb_s1,add08712d32ca9aeb,Jin et al. (2023),2023,YES,NO,,,,,,pending
ade766e02a2dd4206_s1,ade766e02a2dd4206,Shafto et al. (2014),2014,YES,YES,"FLAGGED -- Borderline on inclusion criteria. This paper models pedagogical concept learning (social context: teacher-learner) but the ""learning"" is primarily one-shot concept inference from a fixed set of examples, not iterative learning over time with trial-by-trial updating. There is no temporal prediction error or sequential belief updating across trials. The social component is the framing (pedagogical vs. random sampling) rather than learning about a social agent or social environment. The computational model is a Bayesian inference model at the computational level, not a process-level learning model. Flag as: ""borderline -- concept inference rather than learning over time; social context is pedagogical framing rather than social learning per se.",,,,,pending
ade9c058c35e6948e_s1,ade9c058c35e6948e,Moutoussis et al. (2024),2024,YES,NO,,,,,,pending
ae00c17dc7e148cca_s1,ae00c17dc7e148cca,Marienhagen et al. (2025),2025,YES,NO,,,,,,pending
ae1201f6829a1fb8d_s1,ae1201f6829a1fb8d,Will et al. (2020),2020,YES,NO,,,,,,pending
ae193b47767bcea7b_s1,ae193b47767bcea7b,Allen et al. (2023),2023,YES,NO,,,,,,pending
ae1b28d9682e98d8a_s1,ae1b28d9682e98d8a,Hawkins et al. (2023),2023,YES,NO,,,,,,pending
ae1b2a9ecf9194340_s1,ae1b2a9ecf9194340,Seaman et al. (2023),2023,YES,NO,,,,,,pending
ae1d06b9cc1a41631_s1,ae1d06b9cc1a41631,Flournoy (2018),2018,YES,YES,"FLAG -- This is a dissertation. Aim 1 (Chapter III) uses computational modeling with human behavioral data in a social learning context and qualifies. Aim 2 (Chapter IV) examines correlations between task variables and self-report measures without additional computational modeling -- it is ancillary to Aim 1. The ""social"" element is limited: participants learn face-word associations where words are social descriptors, but there is no social interaction, no learning from social agents, and no social feedback. The task is better characterized as standard reinforcement learning with social stimulus framing rather than truly social learning. Borderline eligibility: the learning is about social attributes of others (dating status, popularity), but the learning process itself is non-social (learning from probabilistic feedback, not from other agents). Flag as borderline social learning.",,,,,pending
ae1da3ab45c809053_s1,ae1da3ab45c809053,Martinez-Saito et al. (2019),2019,YES,YES,"Borderline — learning occurs over repeated trials and is computational, but the ""social"" element is limited: opponents are prerecorded humans replayed by computer, and what is learned is market clearing price (a non-social quantity), not properties of social agents per se. The competition context is social, but the learning target is non-social (optimal bid). Flag as: social agent is automated/prerecorded; learning target is arguably non-social (market price/bidding strategy).",,,,,pending
ae20b03d9449119c0_s1,ae20b03d9449119c0,Allen et al. (2024),2024,YES,NO,,,,,,pending
ae331daacca1dedbe_s1,ae331daacca1dedbe,Farmer et al. (2019),2019,YES,NO,,,,,,pending
ae3764f1ded3fe415_s1,ae3764f1ded3fe415,Wang et al. (2023),2023,YES,YES,"The ""social"" element is limited to fearful/neutral facial expression cues that serve as emotional primes, not as social interaction partners. Learning is about non-social reward contingencies (Gabor patch → reward probability). The facial expressions do not convey social information about another agent's intentions, states, or actions — they serve purely as emotional cues. FLAG: Borderline social context — facial expressions are social stimuli but learning itself is non-social (reward contingency learning). The social component is limited to the emotional cue (fear face) rather than learning from or about social agents.",,,,,pending
ae41a6609b6740e29_s1,ae41a6609b6740e29,Devaine et al. (2014),2014,YES,NO,,,,,,pending
ae55e9533511109cd_s1,ae55e9533511109cd,Anlló et al. (2024),2024,YES,YES,"The Q-learning model is fitted to non-social choice data (2-armed bandit). The ""social"" component (advice-giving) is analysed via mixed-effects logistic regression, not a computational model of social learning per se. The paper models individual reward learning and then examines how learned values predict a social behavior (advice). FLAG: borderline — computational model is non-social RL; social component is in the regression analysis, not the computational model itself.",,,,,pending
ae55e9533511109cd_s2,ae55e9533511109cd,Anlló et al. (2024),2024,YES,YES,"Same as Study 1 — borderline. Computational model is non-social RL; the social behavior (advice-giving under different consequence structures) is analysed via mixed-effects regression, not a computational model of social learning.",,,,,pending
ae615969313c207aa_s1,ae615969313c207aa,Jin et al. (2023),2023,YES,NO,,,,,,pending
ae6935dd1f3314d0b_s1,ae6935dd1f3314d0b,Gesiarz (2020),2020,YES,NO,,,,,,pending
ae6fbb37f4487ff87_s1,ae6fbb37f4487ff87,Hackel et al. (2022),2022,YES,NO,,,,,,pending
ae7c3b95a8b8f7d2a_s1,ae7c3b95a8b8f7d2a,Siegel et al. (2019),2019,YES,NO,,,,,,pending
ae82dd63e6420f342_s1,ae82dd63e6420f342,Fornari et al. (2023),2023,YES,NO,,,,,,pending
ae90896dda8a10f7a_s1,ae90896dda8a10f7a,Avdic et al. (2023),2023,YES,NO,,,,,,pending
ae9c01d676c5bd081_s1,ae9c01d676c5bd081,Frey & McCabe (2020),2020,YES,NO,,,,,,pending
aeaf67e5f3994f403_s1,aeaf67e5f3994f403,Reiter et al. (2021),2021,YES,NO,,,,,,pending
aeb52cfb7ce319e37_s1,aeb52cfb7ce319e37,Gu et al. (2015),2015,YES,NO,,,,,,pending
aec5330e361394fc7_s1,aec5330e361394fc7,Biele et al. (2011),2011,YES,NO,,,,,,pending
aec707b4aaa70bb2e_s1,aec707b4aaa70bb2e,Bellebaum et al. (2012),2012,YES,NO,,,,,,pending
aec7a0ba248d26cad_s1,aec7a0ba248d26cad,Frey (2019),2019,YES,NO,,,,,,pending
aec7a0ba248d26cad_s2,aec7a0ba248d26cad,Frey (2019),2019,YES,NO,,,,,,pending
aec7a0ba248d26cad_s3,aec7a0ba248d26cad,Frey (2019),2019,YES,YES,"FLAG: Healthy volunteer sample only (no depressed participants). The ""social agent"" is a displayed face (automated system). Still uses computational modeling, human behavioral data, social learning over time. Include but flag that the clinical relevance is indirect (comparison to Study 2 findings).",,,,,pending
aecdcd0c0e912c532_s1,aecdcd0c0e912c532,Cheung et al. (2021),2021,YES,YES,"MEDIUM confidence — borderline case for inclusion; learning occurs over time and from a social source (caregiver), but computational model does not capture social cognition per se",,,,,pending
aececc2e97bdbec2b_s1,aececc2e97bdbec2b,Topel et al. (2024),2024,YES,NO,,,,,,pending
aed0e37022d326c92_s1,aed0e37022d326c92,Collins & Juvina (2021),2021,YES,YES,"FLAG — The ""social agents"" are confederate automated agents with predetermined behavior, not genuine social partners. The paper studies trust learning, which is social in context, but the counterparts do not adapt. Additionally, the computational model is an ACT-R cognitive architecture model rather than a standard computational model in the RL/Bayesian sense; it is a process model rather than a normative or algorithmic-level model in the typical computational psychiatry sense. The paper meets inclusion criteria (computational modeling, human behavioral data, learning in social context, learning over time) but should be flagged for the nature of the social agent and the model type.",,,,,pending
aed0f68157a5879e1_s1,aed0f68157a5879e1,Pan et al. (2022),2022,YES,NO,,,,,,pending
aed34e7341d5fced8_s1,aed34e7341d5fced8,Koban et al. (2017),2017,YES,NO,,,,,,pending
af018a421470a9ad4_s1,af018a421470a9ad4,Radenbach et al. (2015),2015,YES,YES,"The task itself is NOT social -- it is a non-social sequential decision-making task. The stress manipulation (TSST) is social, but the learning that occurs is non-social (learning stimulus-reward contingencies). This paper does NOT meet the criterion ""learning occurs in a social context"" as the learning itself is about non-social reward contingencies. Flag: ""Learning task is non-social; only the stress induction (TSST) is social. No social learning occurs over time.",,,,,pending
af0d22b397299194d_s1,af0d22b397299194d,Navidi (2023),,NO,NO,,,,,,pending
af12ee4644ba6ae69_s1,af12ee4644ba6ae69,Zhang et al. (2025),2025,YES,NO,,,,,,pending
af1312d6aa6d6f781_s1,af1312d6aa6d6f781,Lockwood et al. (2019),2019,YES,NO,,,,,,pending
af233726c38e0f373_s1,af233726c38e0f373,Rosenthal et al. (2019),2019,YES,NO,,,,,,pending
af2ad2f27c098206e_s1,af2ad2f27c098206e,Seid-Fatemi & Tobler (2015),2015,YES,NO,,,,,,pending
af2dc2132f93e9b22_s1,af2dc2132f93e9b22,Lengersdorff et al. (2020),2020,YES,NO,,,,,,pending
af2e673d18005bef0_s1,af2e673d18005bef0,Hauke (2024),,NO,NO,,,,,,pending
af3d5bb6cd8d9479a_s1,af3d5bb6cd8d9479a,Ota et al. (2026),2026,YES,YES,"The ""social agent"" is an automated virtual competitor (algorithm), not a human — FLAG. The paper studies voluntary action/volitional control as a primary focus rather than social learning per se, though computational models of belief learning about a competitor are central. Learning does occur over time (trial-by-trial updating). Uses computational modeling with human behavioral data. Borderline: the primary research question is about volition/voluntary action rather than social learning, but the computational models explicitly capture social belief learning (mentalizing). FLAG as borderline social learning focus.",,,,,pending
af5870f714142a70a_s1,af5870f714142a70a,Safra et al. (2019),2019,YES,NO,,,,,,pending
af7418c99b2e431f9_s1,af7418c99b2e431f9,Morishita et al. (2025),2025,YES,NO,,,,,,pending
af767ae2e8dab68a9_s1,af767ae2e8dab68a9,Will et al. (2017),2017,YES,NO,,,,,,pending
af87f2f9e5c91cf2a_s1,af87f2f9e5c91cf2a,Hein et al. (2018),2018,YES,YES,"Borderline — the computational model is a standard Rescorla-Wagner with a fixed learning rate (no free parameters fitted to individual data for the primary fMRI analysis). The model is used as a parametric modulator rather than being fitted/compared in a model comparison framework. The learning occurs over time (20 treatment trials). Flag as: ""Minimal computational modeling — fixed-parameter RL used as parametric modulator only; no model comparison or individual-level fitting for primary analysis.",,,,,pending
af88ac3b84155572d_s1,af88ac3b84155572d,Yu et al. (2019),2019,YES,YES,"`type: review` -- should be flagged but not excluded
- **No supplement** was found
- All effect sizes, sample sizes, coordinates, and model comparison statistics are from the referenced original papers, not reported de novo here
- The paper is at `papers/Modeling Morality in 3-D- Decision-Making, Judgment, and Inference..txt`",,,,,pending
af8c1761628990bdb_s1,af8c1761628990bdb,Wu et al. (2025),2025,YES,NO,,,,,,pending
af8fa2a67a71b35a3_s1,af8fa2a67a71b35a3,Kim et al. (2025),2025,YES,NO,,,,,,pending
afa409a62ca362e0f_s1,afa409a62ca362e0f,Mennella et al. (2022),2022,YES,NO,,,,,,pending
afaa94a3f1a607157_s1,afaa94a3f1a607157,Gao et al. (2020),2020,YES,YES,"The learning source and target are non-social (abstract symbol-reward associations). The social element is limited to the beneficiary manipulation (who receives reward: self/stranger/no one), which is a motivational context rather than social learning per se. The paper examines how mortality salience (a social/existential manipulation) affects reinforcement learning, but the learning itself is not fundamentally social — the agent learns stimulus-reward contingencies, not about social entities. FLAG: Borderline — social context manipulation on non-social learning. The ""learning in a social context"" criterion is only partially met (social motivational context, but the computational problem solved is non-social).",,,,,pending
afacb782a99839f93_s1,afacb782a99839f93,Schie et al. (2023),2023,YES,YES,"The Bayesian learner model is not fitted to individual participants — it generates normative/optimal predictions used as regressors in a statistical model. This is a borderline case for ""uses computational modeling"" as the computational model is used as a benchmark rather than fitted. Flag: borderline computational modeling — model used as optimal benchmark regressor, not fitted to individual behavior.",,,,,pending
afafb165757dcce50_s1,afafb165757dcce50,Wieland et al. (2023),2023,YES,YES,"The learning task itself is non-social (probabilistic reversal learning with abstract stimuli and monetary outcomes). The stress induction (TSST) is psychosocial, but the learning process does not occur in a social context. Flag: ""Stressor is psychosocial (TSST), but the learning task is non-social reversal learning -- borderline social context.",,,,,pending
afb6b3e3661811f86_s1,afb6b3e3661811f86,Chung et al. (2018),2018,YES,NO,,,,,,pending
afb81d7b37c8d463a_s1,afb81d7b37c8d463a,Buades-Rotger et al. (2023),2023,YES,NO,,,,,,pending
afb8dab514dfd4d76_s1,afb8dab514dfd4d76,Jansen et al. (2023),2023,YES,NO,,,,,,pending
afce5b549fc322d8b_s1,afce5b549fc322d8b,Lockwood et al. (2018),2018,YES,NO,,,,,,pending
afd0df0cd14192101_s1,afd0df0cd14192101,Buehler et al. (2025),2025,YES,NO,,,,,,pending
afd5b711e4d35db97_s1,afd5b711e4d35db97,Charpentier et al. (2024),2024,YES,NO,,,,,,pending
afd606b4dc8edcad1_s1,afd606b4dc8edcad1,Barnby et al. (2022),2022,YES,NO,,,,,,pending
afdcf5615fc28780d_s1,afdcf5615fc28780d,Hampton et al. (2008),2008,YES,NO,,,,,,pending
aff9a4147d1697d89_s1,aff9a4147d1697d89,Maier (n.d.),,NO,YES,"LOW confidence -- paper may not qualify as ""social learning"" per review criteria; the authors explicitly distinguish their mechanism from social learning",,,,,pending
affc7fc8a336dfed4_s1,affc7fc8a336dfed4,Reiter et al. (2023),2023,YES,NO,,,,,,pending
affdf48c264a99879_s1,affdf48c264a99879,Bass (2021),2021,YES,YES,"Borderline eligibility — computational models are normative (ideal observer Bayesian models fit at group level to condition means), not process models of trial-by-trial learning. Learning is primarily one-shot inference/evaluation from a single demonstration, not iterative learning over time. Publication type: thesis (flag which studies qualify). Informant evaluation (teacher quality ratings) may be better characterized as social judgment/inference rather than social learning per se.",,,,,pending
affdf48c264a99879_s2,affdf48c264a99879,Bass (2021),2021,YES,YES,"Borderline eligibility — model is normative Bayesian inference, not a process model of iterative learning. One-shot inference from a single demonstration rather than learning over time. Children's behavioral results were null for experimental manipulation (only age and SES predicted play patterns). Thesis chapter.",,,,,pending
affdf48c264a99879_s3,affdf48c264a99879,Bass (2021),2021,YES,YES,"Borderline — meets criteria for computational modeling and human behavioral data in a social learning context, but learning is primarily one-shot social inference/evaluation rather than iterative learning over time. Models are normative Bayesian ideal observer models, not process models of trial-by-trial learning dynamics. Publication type: thesis. Flag all three chapters as borderline for ""learning over time"" criterion.",,,,,pending
